CSID,CaseMasterID,csdate,cstype,PolicePersonID
1,1,2025-10-15T14:48:51,B,256
2,3,2026-01-12T16:22:05,B,902
3,7,2025-10-31T01:01:54,C,643
4,8,2026-06-24T06:35:52,B,14
5,13,2026-02-02T02:57:14,C,635
6,14,2026-05-01T13:52:49,A,245
7,17,2026-01-07T14:36:03,B,329
8,18,2025-10-02T01:45:56,B,1123
9,28,2026-01-12T01:17:14,C,578
10,30,2025-03-23T13:24:48,B,125
11,31,2026-07-01T12:19:16,C,1165
12,36,2026-08-14T15:05:46,C,577
13,38,2026-05-19T01:56:08,C,1115
14,40,2025-09-09T10:04:04,B,80
15,41,2025-05-07T16:40:59,B,679
16,46,2026-08-17T17:37:44,C,605
17,47,2026-05-24T20:37:33,B,1047
18,53,2025-12-29T04:48:02,B,49
19,56,2026-08-25T22:48:31,B,1121
20,63,2026-05-07T13:15:32,C,1121
21,64,2026-05-29T09:40:50,B,238
22,65,2025-10-10T18:00:43,A,233
23,66,2026-08-27T06:39:17,C,991
24,67,2026-06-08T04:23:12,B,684
25,69,2026-07-05T18:16:10,B,552
26,72,2025-11-14T00:30:50,A,129
27,75,2025-05-10T16:34:10,A,272
28,80,2026-10-05T06:16:10,C,101
29,85,2025-10-20T04:54:02,C,851
30,93,2026-10-14T22:42:12,C,267
31,95,2025-09-18T01:15:52,B,584
32,100,2026-08-14T00:31:24,C,936
33,101,2025-12-10T12:11:49,C,212
34,103,2025-04-10T20:49:43,A,444
35,108,2026-04-11T08:24:47,A,777
36,113,2025-10-17T20:49:59,B,286
37,114,2025-10-10T14:06:08,A,307
38,115,2025-05-14T23:08:09,B,629
39,118,2025-11-02T03:07:02,B,173
40,120,2026-05-30T23:59:16,C,7
41,123,2025-11-24T23:51:05,B,730
42,124,2026-11-24T09:34:11,C,309
43,129,2025-06-05T15:17:26,B,697
44,138,2026-12-13T07:56:56,B,62
45,140,2026-03-02T20:15:41,B,153
46,142,2025-05-22T02:27:35,B,1070
47,143,2026-03-22T01:54:00,A,893
48,152,2025-02-18T14:36:27,A,330
49,157,2025-08-16T17:17:41,B,811
50,158,2026-05-26T09:14:59,A,1027
51,159,2026-06-17T13:24:14,A,889
52,160,2026-01-12T06:06:43,B,1089
53,162,2025-10-08T01:01:34,C,1116
54,164,2025-11-15T19:29:28,C,178
55,165,2026-04-24T07:45:09,A,465
56,173,2026-04-24T21:00:11,B,1185
57,179,2026-03-04T19:13:13,C,1192
58,181,2026-08-16T10:31:20,C,522
59,185,2025-09-05T16:01:41,C,1095
60,195,2025-06-17T18:42:52,C,417
61,201,2025-10-16T11:26:05,B,1049
62,202,2026-06-29T03:12:18,C,60
63,204,2026-09-09T10:47:07,C,1030
64,205,2025-04-30T21:31:53,C,653
65,209,2026-02-22T23:21:34,A,1179
66,211,2026-09-04T23:30:28,A,72
67,216,2025-08-16T13:41:25,A,217
68,218,2025-07-05T13:18:39,A,1007
69,222,2025-08-20T19:58:05,B,931
70,224,2025-05-05T09:58:11,B,1023
71,227,2025-10-24T19:27:53,A,629
72,231,2026-10-14T04:06:27,A,1125
73,235,2026-03-06T16:21:20,B,948
74,237,2026-04-29T01:43:33,C,1033
75,242,2026-06-28T22:55:51,A,1108
76,243,2026-04-18T06:03:19,A,1118
77,244,2025-05-17T08:57:23,B,1190
78,246,2026-07-29T08:29:19,C,817
79,248,2026-01-21T21:23:44,B,1112
80,251,2026-05-03T08:30:53,B,893
81,252,2026-11-20T19:00:00,B,796
82,257,2025-03-24T03:28:17,B,965
83,259,2025-06-12T13:36:59,A,487
84,261,2026-06-27T20:17:42,A,417
85,262,2026-08-29T15:29:10,B,832
86,266,2026-03-05T16:24:11,A,101
87,268,2026-07-27T17:53:34,C,1117
88,271,2026-07-06T00:04:50,A,240
89,274,2026-03-16T21:05:12,C,15
90,276,2026-01-20T15:31:52,A,486
91,279,2026-02-07T18:28:00,A,669
92,282,2026-05-17T14:41:11,B,173
93,290,2026-04-07T07:09:11,A,435
94,292,2026-04-17T23:29:13,B,36
95,293,2025-07-07T21:42:29,A,880
96,294,2026-03-03T12:53:30,A,483
97,295,2025-07-25T22:37:01,B,1054
98,296,2026-07-06T01:37:19,B,271
99,299,2025-10-07T23:52:59,C,427
100,300,2026-09-25T18:38:58,A,1195
101,305,2026-06-01T04:13:53,B,649
102,306,2026-03-31T02:18:15,C,159
103,316,2026-06-19T09:43:17,C,149
104,326,2026-11-18T22:27:00,C,817
105,327,2025-12-15T11:55:58,B,337
106,329,2026-07-02T17:54:53,C,998
107,331,2026-02-12T14:44:58,A,271
108,332,2026-10-21T01:59:28,C,305
109,334,2026-03-30T22:51:58,C,684
110,337,2025-09-19T14:57:56,B,273
111,339,2026-02-28T16:41:06,B,211
112,340,2026-07-24T15:27:07,B,506
113,346,2026-08-13T05:26:27,A,656
114,348,2026-06-18T20:49:26,A,194
115,349,2026-05-23T06:26:46,B,823
116,350,2026-04-30T03:32:00,B,61
117,351,2025-08-16T02:57:49,B,371
118,355,2026-09-01T20:53:31,A,730
119,356,2025-06-02T15:17:25,A,379
120,357,2026-09-16T06:12:05,B,600
121,359,2025-12-15T03:32:16,A,257
122,360,2025-09-28T14:52:49,A,679
123,362,2025-12-31T00:50:20,C,710
124,365,2025-06-21T09:58:00,C,810
125,368,2025-04-01T23:35:49,C,193
126,371,2025-08-03T20:44:03,A,700
127,375,2026-01-24T23:27:20,B,17
128,376,2025-09-30T01:45:04,C,711
129,379,2026-02-25T08:53:40,B,922
130,380,2026-06-11T17:01:55,B,1007
131,382,2026-02-05T14:27:47,B,1125
132,383,2026-07-16T00:58:55,B,451
133,384,2026-09-11T02:11:43,B,410
134,387,2026-06-25T02:46:19,A,1079
135,394,2025-09-03T21:51:47,A,299
136,395,2026-03-03T11:08:16,B,27
137,400,2026-08-28T23:43:53,B,321
138,401,2026-09-01T13:14:17,A,259
139,402,2026-01-24T11:38:10,B,820
140,404,2026-07-05T19:10:05,B,704
141,406,2026-04-15T11:34:30,A,355
142,408,2025-07-28T16:10:15,B,581
143,416,2026-04-15T15:39:27,B,23
144,421,2026-09-26T07:49:54,A,448
145,423,2025-12-26T17:12:43,C,704
146,427,2025-04-05T07:23:19,C,816
147,429,2025-07-06T23:22:04,B,338
148,431,2025-12-08T00:12:40,C,608
149,432,2025-05-13T02:38:04,A,812
150,441,2026-06-12T09:48:35,C,909
151,445,2026-01-15T17:48:24,A,737
152,447,2026-04-13T17:00:09,C,257
153,464,2026-02-04T03:16:53,C,264
154,471,2026-11-03T09:47:07,B,1050
155,473,2025-06-02T01:59:51,B,432
156,476,2025-08-21T03:48:50,C,127
157,478,2026-10-06T06:57:10,A,298
158,480,2025-07-02T14:28:09,C,930
159,483,2026-02-14T16:37:23,B,335
160,484,2025-06-15T09:11:39,A,940
161,485,2026-08-05T04:47:43,B,524
162,489,2026-05-19T14:48:18,B,604
163,491,2026-02-02T02:26:12,A,1071
164,493,2026-07-01T17:08:50,A,701
165,494,2026-06-18T22:49:02,B,701
166,501,2025-05-02T23:49:43,C,778
167,502,2025-07-16T18:02:32,C,1123
168,507,2026-08-19T05:44:15,B,1104
169,511,2026-01-30T11:47:48,B,27
170,515,2025-07-04T15:48:10,A,44
171,521,2026-04-08T11:22:19,C,1139
172,522,2026-09-20T03:29:58,B,965
173,526,2025-12-08T06:50:03,C,1083
174,528,2025-04-26T07:02:13,C,1154
175,530,2025-07-11T14:40:50,C,749
176,531,2026-06-06T16:14:13,A,796
177,533,2026-02-07T00:05:04,C,681
178,536,2026-03-01T23:56:35,A,222
179,538,2025-10-15T11:58:44,B,309
180,540,2025-10-06T16:02:15,C,799
181,542,2026-10-04T19:48:02,A,1006
182,543,2025-09-06T15:14:55,C,286
183,544,2025-10-31T01:54:54,B,475
184,545,2025-12-09T06:05:07,A,842
185,549,2026-05-24T11:14:43,C,703
186,555,2026-01-01T08:12:31,B,84
187,560,2026-11-13T18:23:41,C,577
188,564,2025-05-19T01:52:03,B,1189
189,571,2025-05-14T03:58:11,A,745
190,572,2026-02-04T23:49:53,A,453
191,573,2025-08-29T03:37:29,B,668
192,582,2026-02-11T21:39:11,C,1127
193,589,2025-12-17T15:36:18,C,158
194,593,2026-10-10T02:07:15,B,26
195,596,2026-02-05T23:47:51,A,476
196,598,2026-04-07T00:15:34,C,842
197,599,2026-08-28T10:46:38,C,1168
198,600,2025-12-30T04:04:57,A,856
199,601,2025-05-12T23:09:19,C,420
200,610,2026-01-11T08:17:12,A,362
201,615,2025-10-27T06:41:52,B,396
202,617,2026-03-25T07:45:55,C,936
203,620,2025-10-09T03:51:39,A,909
204,625,2025-06-25T15:29:42,B,909
205,626,2026-08-19T21:17:24,B,879
206,640,2026-02-21T17:26:07,A,1024
207,642,2025-06-30T08:19:13,C,808
208,643,2026-04-25T04:37:51,C,670
209,645,2026-04-27T06:22:06,A,614
210,652,2025-10-07T16:57:00,B,61
211,653,2025-06-16T08:40:45,C,818
212,656,2025-11-14T05:20:46,B,273
213,660,2025-08-14T02:03:52,B,1191
214,663,2026-05-06T01:36:30,C,31
215,666,2026-06-18T13:55:37,C,508
216,676,2026-07-10T19:19:33,B,418
217,678,2025-10-27T12:13:48,A,138
218,684,2026-02-02T02:23:26,C,1091
219,689,2025-10-20T00:44:48,A,320
220,690,2026-10-23T20:15:43,B,364
221,692,2025-10-31T09:44:03,B,298
222,695,2025-04-25T13:22:25,B,599
223,699,2026-06-22T02:58:43,B,1178
224,701,2026-02-24T04:52:44,A,558
225,711,2026-06-30T07:49:00,C,713
226,712,2026-01-26T09:32:19,A,192
227,713,2026-09-11T19:25:20,B,608
228,714,2026-04-12T05:00:47,A,72
229,715,2025-07-24T21:51:48,A,813
230,717,2025-06-05T16:51:37,C,622
231,719,2026-06-24T04:48:26,B,390
232,721,2025-12-21T00:40:30,C,37
233,722,2026-04-26T20:23:55,C,126
234,723,2025-10-24T14:54:35,A,776
235,725,2026-08-12T14:41:30,B,1170
236,726,2026-02-11T05:39:56,C,815
237,728,2025-12-29T20:20:14,B,805
238,734,2026-07-05T03:09:49,C,738
239,735,2025-09-07T19:35:22,B,567
240,738,2026-03-15T05:38:59,A,260
241,739,2026-04-29T05:18:22,B,1199
242,742,2026-02-19T06:44:35,B,1067
243,744,2026-05-21T20:59:25,B,737
244,746,2026-06-24T14:55:53,A,827
245,748,2026-11-11T07:06:19,A,748
246,749,2026-07-23T17:23:28,A,452
247,750,2026-06-15T11:11:24,A,1175
248,751,2025-06-16T07:31:53,A,19
249,753,2026-05-28T16:56:39,C,826
250,758,2026-06-13T23:42:25,B,358
251,759,2026-01-09T03:31:49,C,500
252,761,2025-09-14T18:54:59,B,226
253,762,2025-02-27T09:26:49,B,849
254,769,2025-02-22T02:43:20,C,735
255,771,2025-08-19T21:52:07,A,1018
256,773,2026-04-05T21:43:35,A,219
257,781,2025-09-12T01:22:47,C,291
258,783,2025-10-02T15:57:14,A,380
259,786,2026-08-14T19:48:54,A,748
260,787,2026-03-14T18:40:53,C,559
261,788,2026-02-12T12:51:39,B,286
262,791,2026-08-01T10:09:13,A,733
263,794,2025-12-24T13:42:05,A,929
264,795,2025-02-15T00:36:10,A,621
265,796,2025-07-10T18:39:58,A,635
266,802,2025-05-13T02:06:47,C,832
267,805,2025-06-26T13:56:39,B,1006
268,809,2025-09-09T14:24:37,B,842
269,810,2025-12-19T22:51:52,B,977
270,811,2026-07-15T21:13:31,A,827
271,818,2026-02-12T19:10:26,A,112
272,820,2026-01-15T09:22:02,A,1126
273,824,2025-12-07T16:17:03,C,312
274,825,2026-01-15T00:35:32,A,391
275,826,2026-04-27T01:06:55,C,1012
276,830,2025-10-09T16:42:04,B,941
277,831,2026-01-13T12:49:05,A,769
278,833,2026-10-13T17:43:12,C,1034
279,843,2026-07-05T13:05:15,A,325
280,847,2026-06-02T00:50:14,A,252
281,851,2026-04-06T16:21:06,C,1060
282,852,2025-07-27T19:01:44,B,589
283,853,2025-09-21T03:06:24,B,1102
284,855,2025-06-10T02:39:57,B,85
285,866,2025-09-20T13:59:46,B,635
286,867,2026-01-29T21:00:21,C,1058
287,871,2026-10-15T10:07:30,C,1125
288,877,2026-05-12T09:18:06,B,49
289,879,2025-10-30T22:08:23,B,1072
290,880,2026-09-20T09:30:22,A,827
291,881,2025-09-09T19:09:47,A,100
292,884,2026-03-09T04:18:04,B,431
293,889,2026-06-25T21:43:54,C,43
294,890,2025-11-29T03:09:19,C,861
295,891,2025-11-14T21:21:26,A,815
296,893,2026-02-21T04:28:37,B,1116
297,895,2025-08-16T21:32:01,A,149
298,900,2025-10-18T08:46:19,C,517
299,902,2026-10-14T22:34:42,B,835
300,905,2026-02-01T17:33:00,A,391
301,909,2026-01-13T02:36:55,B,659
302,913,2026-02-21T00:23:01,B,83
303,915,2026-09-11T15:18:52,C,985
304,917,2025-07-27T10:16:20,C,993
305,924,2026-07-15T20:57:47,A,1004
306,925,2026-02-09T07:34:36,A,318
307,926,2025-05-02T22:36:14,A,1187
308,928,2025-08-30T17:00:47,A,642
309,936,2025-12-25T07:52:02,C,276
310,937,2026-02-09T15:55:56,C,555
311,940,2026-08-07T09:23:01,B,1012
312,942,2025-03-02T13:16:19,A,782
313,943,2026-02-24T21:22:46,B,523
314,945,2026-05-31T03:24:57,B,799
315,946,2026-08-18T02:08:38,A,1081
316,950,2025-10-28T17:19:30,A,625
317,953,2025-08-30T03:28:51,B,871
318,954,2026-05-06T04:25:39,B,354
319,960,2026-06-28T03:11:06,B,1111
320,962,2026-03-23T10:34:47,C,88
321,964,2025-12-11T06:47:04,B,299
322,965,2025-07-20T22:32:14,C,47
323,968,2025-09-16T13:42:10,A,577
324,974,2026-08-01T14:44:08,B,765
325,978,2026-06-13T21:20:07,B,337
326,986,2026-02-13T16:53:08,B,141
327,989,2026-05-13T09:35:20,B,433
328,992,2025-07-15T23:27:10,A,605
329,993,2025-05-11T21:08:54,A,238
330,994,2026-06-27T17:12:59,B,1164
331,996,2026-03-13T10:44:31,C,580
332,997,2026-07-31T12:02:17,B,984
333,998,2026-01-23T06:14:12,C,539
334,1002,2025-09-28T14:49:30,A,1142
335,1003,2025-03-22T15:59:07,A,428
336,1004,2025-10-20T00:03:09,B,856
337,1005,2026-05-23T13:22:35,B,1191
338,1012,2025-06-22T09:59:39,C,1108
339,1013,2025-02-13T11:05:40,C,141
340,1017,2026-10-18T01:59:37,A,581
341,1022,2026-06-23T00:12:14,C,432
342,1023,2025-07-21T01:54:58,C,973
343,1026,2026-07-05T18:27:27,A,751
344,1032,2026-09-23T02:06:33,B,147
345,1036,2026-04-17T20:11:14,B,886
346,1042,2025-08-01T22:54:16,B,469
347,1043,2025-08-23T03:27:46,C,583
348,1045,2026-04-05T02:53:41,C,757
349,1048,2026-08-18T23:42:44,A,861
350,1053,2025-07-17T08:37:36,C,257
351,1055,2026-10-20T14:04:05,B,852
352,1062,2025-10-16T16:59:42,C,988
353,1063,2026-02-18T11:39:11,A,812
354,1066,2025-11-28T21:37:09,B,40
355,1067,2026-04-26T11:51:23,C,878
356,1068,2026-02-23T13:14:48,A,116
357,1069,2026-08-04T17:38:02,A,1189
358,1070,2025-10-16T09:54:13,C,642
359,1071,2026-03-05T20:32:48,B,964
360,1074,2025-04-22T19:01:43,C,389
361,1077,2025-06-29T21:46:59,A,1101
362,1080,2026-09-04T22:18:54,C,479
363,1081,2025-12-07T17:05:40,C,329
364,1086,2026-04-13T09:45:10,A,341
365,1089,2026-07-17T23:08:34,B,210
366,1096,2025-04-29T12:05:23,C,519
367,1105,2026-09-03T10:49:30,C,942
368,1108,2025-12-04T18:35:09,B,942
369,1109,2025-06-19T18:19:43,C,841
370,1113,2025-11-07T11:23:15,C,563
371,1117,2026-05-02T03:37:04,B,651
372,1121,2026-02-12T11:38:54,C,204
373,1122,2025-06-22T18:06:44,C,945
374,1125,2026-07-24T06:23:07,A,767
375,1130,2025-10-03T14:25:13,B,840
376,1131,2025-11-03T08:02:06,A,439
377,1133,2026-11-08T00:33:52,A,872
378,1136,2026-04-29T17:14:04,A,729
379,1138,2026-03-14T06:20:38,B,378
380,1139,2025-04-05T17:26:59,C,966
381,1141,2026-06-09T04:47:25,A,564
382,1144,2025-12-12T02:44:22,A,216
383,1146,2025-12-29T22:05:40,A,46
384,1147,2026-01-05T10:37:55,A,112
385,1150,2025-07-28T21:53:53,C,908
386,1154,2026-05-17T22:25:39,A,1119
387,1156,2026-11-17T10:15:09,C,815
388,1160,2026-10-25T00:39:35,C,222
389,1166,2025-07-02T01:17:49,C,1077
390,1167,2025-12-05T18:14:11,A,383
391,1173,2025-08-03T21:21:36,B,891
392,1174,2026-08-12T10:49:26,B,797
393,1175,2025-07-24T08:08:51,A,767
394,1184,2026-11-09T19:31:49,A,1044
395,1191,2026-02-06T11:30:40,B,721
396,1200,2026-04-04T09:22:15,C,212
397,1204,2026-07-14T12:02:11,A,914
398,1207,2026-10-28T05:37:09,B,983
399,1214,2025-09-14T16:07:09,C,689
400,1216,2025-02-24T03:28:36,B,428
401,1217,2026-08-27T01:00:13,B,132
402,1219,2025-07-19T19:21:03,A,956
403,1221,2026-05-09T20:55:10,A,44
404,1231,2025-06-01T00:52:37,B,290
405,1232,2025-06-26T18:51:23,C,652
406,1233,2025-09-12T18:18:37,C,139
407,1234,2026-03-09T05:44:56,A,1030
408,1236,2026-02-26T02:06:02,C,792
409,1238,2025-09-26T06:24:44,B,12
410,1243,2026-03-01T10:20:15,C,531
411,1244,2026-08-02T12:31:25,B,223
412,1253,2025-10-20T18:04:35,C,288
413,1254,2025-05-20T01:38:47,A,480
414,1258,2026-10-08T02:30:47,A,218
415,1259,2025-12-11T17:35:29,C,616
416,1262,2026-11-25T06:52:22,C,516
417,1264,2025-12-22T09:10:02,C,951
418,1268,2025-05-02T17:04:07,C,1056
419,1270,2026-02-27T16:10:15,C,414
420,1276,2026-06-28T13:37:50,C,380
421,1278,2026-07-03T02:36:25,C,1175
422,1279,2025-10-04T05:30:38,A,847
423,1288,2025-08-01T18:31:13,C,1054
424,1289,2025-11-07T22:32:29,A,256
425,1290,2025-11-29T12:21:24,B,535
426,1291,2026-04-09T14:15:37,A,1159
427,1295,2026-04-25T20:05:10,C,727
428,1299,2026-05-30T14:19:15,C,361
429,1310,2026-08-31T07:28:10,A,3
430,1311,2025-03-27T05:23:30,A,585
431,1320,2026-11-14T18:03:30,C,940
432,1332,2025-06-25T08:22:08,A,1097
433,1333,2025-05-18T04:19:50,C,643
434,1339,2025-09-19T09:26:55,A,1112
435,1340,2026-07-10T18:38:50,A,552
436,1343,2025-09-20T14:57:17,B,1120
437,1346,2025-02-27T23:55:48,B,1198
438,1350,2026-10-09T21:42:42,B,535
439,1351,2025-07-22T12:27:30,C,1199
440,1353,2026-02-03T10:52:57,B,6
441,1357,2025-07-27T18:21:52,C,813
442,1361,2025-06-30T01:36:31,C,271
443,1366,2026-04-03T12:07:13,A,549
444,1368,2026-01-01T12:35:31,C,228
445,1370,2025-03-23T17:24:23,C,1064
446,1378,2025-07-14T14:40:04,A,34
447,1383,2025-08-17T01:17:02,C,449
448,1386,2025-10-16T01:07:07,B,725
449,1389,2026-07-27T10:55:54,B,556
450,1390,2025-06-24T20:30:13,C,680
451,1393,2026-01-22T14:44:28,C,656
452,1396,2026-04-30T23:50:24,C,154
453,1399,2025-08-10T12:55:59,B,287
454,1401,2025-08-28T15:09:35,A,706
455,1405,2026-05-09T04:19:18,C,72
456,1409,2025-10-20T15:14:17,C,414
457,1411,2026-04-17T04:50:43,C,86
458,1415,2025-07-16T21:54:12,B,249
459,1416,2025-06-16T05:20:42,A,1166
460,1417,2026-08-25T11:11:08,C,663
461,1430,2025-10-26T06:26:24,C,243
462,1435,2026-05-28T18:13:03,A,245
463,1439,2026-03-04T17:12:51,C,504
464,1441,2026-11-06T02:48:21,C,1135
465,1444,2025-11-07T08:27:05,A,337
466,1448,2026-01-29T13:36:03,B,850
467,1449,2026-05-02T10:16:23,C,1140
468,1452,2025-07-11T05:30:00,C,878
469,1456,2026-07-12T23:03:37,A,13
470,1458,2026-02-24T11:56:06,A,1065
471,1460,2025-08-01T14:25:11,A,153
472,1461,2026-04-25T06:05:44,B,436
473,1463,2026-11-07T11:03:33,A,1014
474,1467,2026-02-07T04:38:10,A,120
475,1476,2025-04-23T12:17:37,C,171
476,1479,2025-06-05T03:11:17,C,376
477,1481,2026-07-17T09:52:19,C,255
478,1485,2025-11-12T03:31:43,B,178
479,1488,2026-04-07T02:15:09,C,145
480,1491,2025-03-25T14:48:06,C,635
481,1499,2026-06-09T18:50:43,B,609
482,1502,2025-08-11T02:15:24,C,196
483,1504,2026-09-16T08:44:35,C,599
484,1509,2026-05-28T07:58:33,A,308
485,1515,2025-07-09T17:04:11,A,1085
486,1516,2025-08-12T10:47:37,A,606
487,1517,2026-06-11T18:56:18,B,58
488,1522,2025-10-06T07:56:41,A,218
489,1528,2026-09-12T06:20:43,B,750
490,1535,2025-07-15T16:20:50,B,936
491,1550,2026-06-23T00:22:14,C,451
492,1554,2025-12-17T19:28:12,B,71
493,1560,2026-05-15T13:38:35,C,268
494,1561,2026-06-28T17:45:50,B,171
495,1562,2026-02-23T14:24:16,A,144
496,1568,2025-12-27T10:15:44,A,447
497,1573,2025-12-11T05:04:07,B,1018
498,1575,2026-06-25T18:10:46,A,239
499,1576,2026-09-28T16:05:19,A,536
500,1578,2026-04-03T18:44:58,C,156
501,1579,2026-03-25T09:27:19,B,333
502,1582,2025-08-24T11:43:47,A,435
503,1585,2026-10-23T00:18:38,B,291
504,1588,2025-08-08T17:25:22,A,11
505,1592,2026-08-25T17:13:07,B,148
506,1593,2026-05-27T07:25:31,C,45
507,1596,2026-08-22T06:38:42,B,355
508,1599,2026-03-15T05:38:45,A,840
509,1607,2025-07-01T04:48:44,C,1096
510,1613,2026-09-26T18:50:31,A,747
511,1615,2026-01-17T10:14:08,A,801
512,1618,2026-01-30T02:55:58,C,508
513,1620,2026-08-02T10:00:25,B,613
514,1621,2025-09-24T21:11:34,A,1167
515,1625,2025-12-14T11:57:18,A,870
516,1626,2026-03-06T02:57:48,A,1063
517,1639,2025-09-07T05:40:54,A,1116
518,1645,2025-10-06T00:18:27,A,922
519,1648,2026-03-21T14:25:14,C,434
520,1649,2025-10-08T16:42:46,B,142
521,1650,2026-02-26T10:49:50,C,216
522,1660,2025-04-30T00:04:51,A,925
523,1665,2025-10-18T17:34:50,A,368
524,1668,2025-09-11T04:51:34,A,145
525,1670,2026-01-14T10:38:45,A,450
526,1674,2025-06-30T21:57:29,B,274
527,1678,2026-11-25T11:29:41,B,1082
528,1682,2026-01-16T20:27:18,A,1004
529,1684,2025-05-28T11:21:55,A,703
530,1687,2025-04-20T06:12:14,B,767
531,1690,2025-08-29T04:48:58,B,640
532,1692,2026-05-12T21:03:00,C,493
533,1694,2026-05-07T04:19:27,A,998
534,1695,2025-04-12T04:07:15,B,836
535,1700,2025-11-18T08:47:51,B,76
536,1704,2025-09-19T10:20:47,B,870
537,1708,2025-11-09T20:31:15,C,119
538,1711,2026-02-25T17:34:33,A,23
539,1712,2026-07-04T00:54:08,C,625
540,1713,2026-01-07T09:44:54,C,779
541,1716,2026-07-28T05:39:41,B,135
542,1717,2025-10-18T04:07:15,B,46
543,1719,2025-11-11T18:17:00,C,1049
544,1727,2026-08-01T10:31:47,C,899
545,1735,2025-03-28T13:58:25,A,448
546,1737,2026-09-12T09:12:18,B,206
547,1738,2025-11-18T19:06:03,B,45
548,1741,2025-10-23T16:12:19,A,535
549,1744,2026-07-07T13:25:37,B,73
550,1746,2025-09-09T02:39:15,A,825
551,1750,2025-05-30T10:55:55,A,795
552,1751,2026-05-28T03:32:23,C,945
553,1762,2026-03-19T17:09:27,A,1076
554,1763,2026-07-12T22:29:14,B,354
555,1764,2025-11-04T16:45:43,A,993
556,1765,2026-05-27T06:54:34,C,1002
557,1770,2025-10-25T06:36:30,B,705
558,1771,2025-04-23T21:52:35,B,1112
559,1772,2025-09-01T02:17:27,A,1176
560,1779,2026-08-15T16:51:37,C,500
561,1780,2026-05-21T03:52:40,C,757
562,1781,2026-06-15T14:48:26,B,138
563,1789,2025-05-15T23:04:14,A,45
564,1790,2025-11-05T00:38:01,C,382
565,1791,2026-04-13T10:09:41,B,242
566,1796,2026-02-11T15:16:32,B,65
567,1800,2025-07-31T21:32:03,B,548
568,1801,2026-06-14T08:28:49,C,1118
569,1802,2026-06-03T00:03:55,A,92
570,1803,2025-04-04T08:35:44,C,802
571,1804,2025-09-26T02:53:15,A,308
572,1806,2026-03-01T01:57:12,B,813
573,1807,2026-01-13T12:20:41,B,201
574,1808,2025-06-18T11:16:09,A,972
575,1809,2026-07-16T23:39:53,C,1148
576,1812,2026-10-03T23:04:55,C,804
577,1817,2026-06-16T18:54:46,B,516
578,1819,2026-07-11T23:06:22,C,284
579,1820,2025-08-19T21:29:00,C,1102
580,1821,2026-07-27T10:01:01,B,894
581,1823,2025-05-30T22:27:11,B,105
582,1846,2025-12-05T04:28:11,B,395
583,1850,2026-02-14T12:32:25,C,181
584,1858,2025-06-17T13:54:33,B,832
585,1859,2026-09-19T15:20:51,A,660
586,1860,2025-07-18T01:41:42,B,279
587,1861,2025-06-17T08:30:45,B,1024
588,1862,2025-07-17T19:06:57,A,772
589,1865,2026-02-01T18:45:49,A,1102
590,1869,2025-09-15T03:51:35,C,316
591,1870,2026-05-03T09:54:40,A,694
592,1873,2025-07-01T08:42:50,B,1091
593,1874,2025-12-23T10:05:17,B,247
594,1882,2026-07-07T18:44:01,B,229
595,1891,2025-08-25T18:59:18,A,1042
596,1893,2025-06-06T21:30:16,A,213
597,1897,2025-07-24T09:56:30,B,1009
598,1898,2026-05-27T04:53:24,C,1100
599,1911,2026-04-30T13:46:45,A,83
600,1917,2025-09-09T09:08:56,A,1135
601,1928,2025-08-23T13:07:50,C,149
602,1929,2025-09-27T16:44:35,C,17
603,1937,2025-11-08T14:33:38,A,581
604,1942,2025-06-23T17:54:08,A,872
605,1945,2025-11-19T17:16:30,C,983
606,1949,2026-02-04T10:05:46,A,1115
607,1953,2026-07-07T15:49:22,A,84
608,1955,2025-07-10T08:57:31,A,1050
609,1956,2026-11-15T02:03:25,A,1021
610,1958,2026-10-18T02:22:30,C,1024
611,1960,2025-05-31T07:05:07,B,507
612,1961,2025-08-28T01:53:34,C,910
613,1962,2026-09-28T10:45:07,C,150
614,1969,2026-04-30T03:32:34,C,334
615,1971,2026-10-06T21:12:06,C,954
616,1972,2026-06-10T06:38:08,A,1083
617,1975,2025-12-15T02:09:59,C,266
618,1977,2025-08-26T21:41:49,A,488
619,1981,2026-04-10T10:09:42,A,1157
620,1986,2025-11-13T07:13:59,C,317
621,1989,2026-02-10T13:10:55,B,442
622,1991,2026-03-07T19:05:04,A,930
623,1993,2026-01-11T16:55:37,B,780
624,1996,2026-01-28T06:21:06,B,524
625,2001,2025-09-07T02:27:18,B,1000
626,2003,2025-06-14T17:13:48,C,476
627,2007,2026-02-25T21:44:48,C,258
628,2008,2026-04-25T04:13:52,A,1141
629,2015,2026-06-14T06:21:19,C,84
630,2018,2026-06-04T14:41:16,B,299
631,2020,2026-11-16T07:12:21,C,577
632,2022,2026-05-02T15:12:07,A,1098
633,2023,2025-05-29T11:31:15,C,905
634,2024,2026-07-29T20:18:13,A,900
635,2025,2026-05-23T19:43:09,B,837
636,2026,2025-06-05T17:00:05,C,841
637,2034,2026-08-26T05:08:54,B,71
638,2035,2026-07-02T08:14:07,C,73
639,2041,2025-07-22T01:40:38,A,423
640,2044,2025-11-06T18:24:52,B,1180
641,2045,2026-03-31T03:48:37,A,1045
642,2047,2026-01-28T12:19:26,A,743
643,2048,2026-04-29T23:27:02,C,439
644,2055,2026-09-22T15:25:17,C,245
645,2056,2025-04-25T18:07:32,A,1065
646,2057,2025-11-23T14:51:30,B,929
647,2059,2025-09-19T19:42:24,B,316
648,2063,2025-10-26T14:33:11,C,541
649,2065,2026-01-27T22:32:35,B,809
650,2067,2026-03-11T11:21:14,B,108
651,2069,2025-08-25T10:50:33,B,717
652,2070,2025-07-27T09:40:52,C,1086
653,2073,2025-11-26T17:21:18,C,507
654,2075,2026-04-10T04:38:42,C,202
655,2079,2026-03-06T17:10:44,C,215
656,2080,2025-05-30T01:28:16,B,260
657,2086,2025-10-16T13:30:34,B,475
658,2091,2025-11-01T16:57:23,B,482
659,2100,2025-07-22T18:59:43,C,1196
660,2106,2026-05-12T14:40:38,A,208
661,2109,2026-09-21T11:49:14,C,987
662,2110,2026-06-07T03:08:59,C,220
663,2114,2025-09-27T10:05:09,B,433
664,2117,2026-03-02T09:34:29,B,65
665,2118,2026-05-04T10:19:59,C,220
666,2119,2025-08-21T08:50:17,C,287
667,2121,2025-10-13T01:08:05,C,799
668,2122,2026-08-05T11:46:11,C,1163
669,2124,2025-03-17T18:35:38,C,758
670,2127,2026-07-31T03:19:00,A,1135
671,2133,2025-10-26T08:53:57,B,1171
672,2137,2025-10-27T01:01:58,A,770
673,2139,2026-03-10T14:41:13,A,364
674,2141,2025-11-10T23:31:48,B,834
675,2150,2025-06-19T14:34:40,B,259
676,2154,2025-09-12T04:24:48,C,906
677,2163,2026-04-30T15:32:19,C,1110
678,2171,2025-07-21T06:54:55,A,186
679,2174,2026-07-16T05:26:37,A,1049
680,2176,2026-02-11T01:30:33,B,1101
681,2178,2025-09-08T03:58:42,B,450
682,2180,2026-03-13T01:41:29,A,387
683,2185,2026-01-25T14:34:04,A,211
684,2189,2025-10-20T16:02:06,C,85
685,2190,2025-12-25T21:03:54,A,977
686,2192,2026-05-28T03:20:19,C,233
687,2193,2025-09-04T10:34:16,C,202
688,2201,2026-01-27T23:23:12,A,686
689,2203,2025-06-09T02:11:10,A,158
690,2205,2026-02-04T19:51:43,B,1175
691,2209,2026-09-04T20:38:44,A,291
692,2212,2025-12-04T15:37:29,A,597
693,2214,2026-02-24T00:33:45,B,472
694,2218,2026-06-11T08:13:09,A,839
695,2220,2025-12-18T14:08:04,A,63
696,2227,2026-04-02T18:06:37,C,909
697,2230,2026-05-12T08:33:23,C,218
698,2232,2025-08-12T22:00:05,B,72
699,2233,2025-09-14T13:43:56,C,1146
700,2234,2026-06-19T13:20:51,A,833
701,2235,2025-07-18T20:16:57,B,149
702,2238,2026-08-02T03:51:16,C,96
703,2240,2026-04-02T22:37:39,A,527
704,2241,2025-10-06T16:29:36,A,723
705,2266,2026-05-25T11:56:42,A,258
706,2268,2026-06-01T16:59:43,C,219
707,2270,2026-04-18T21:27:38,B,604
708,2271,2026-04-07T11:12:06,C,974
709,2274,2026-02-24T17:39:41,B,1004
710,2275,2026-03-07T23:53:07,A,311
711,2281,2026-07-18T22:14:01,A,322
712,2283,2025-12-26T17:57:30,C,1030
713,2285,2026-03-17T05:58:36,C,883
714,2287,2025-12-09T08:51:41,C,293
715,2290,2026-07-10T09:14:20,C,981
716,2294,2026-04-13T19:08:33,C,854
717,2300,2025-09-10T07:18:30,B,567
718,2301,2026-07-25T04:20:46,A,464
719,2303,2025-04-04T09:57:51,C,1075
720,2305,2026-05-18T22:30:47,C,48
721,2312,2026-03-17T22:27:41,A,332
722,2315,2025-09-26T06:56:45,A,606
723,2322,2026-05-21T15:27:02,C,557
724,2323,2026-01-17T06:19:00,C,1165
725,2331,2025-12-10T10:24:27,A,412
726,2332,2025-12-31T18:55:23,B,481
727,2333,2025-12-12T20:22:43,A,1052
728,2334,2025-09-21T04:52:57,A,493
729,2338,2026-05-23T06:02:16,A,716
730,2339,2025-06-29T13:45:47,A,1141
731,2340,2026-05-31T00:42:13,C,564
732,2345,2025-03-30T11:25:53,B,1026
733,2348,2025-07-11T02:10:02,A,165
734,2352,2025-09-11T02:38:21,A,1066
735,2354,2026-09-21T10:37:09,A,328
736,2357,2026-02-12T17:11:20,C,893
737,2365,2026-01-18T07:00:06,A,750
738,2366,2025-06-15T21:46:20,B,325
739,2372,2025-07-25T21:54:32,B,1122
740,2373,2026-02-28T02:42:38,C,913
741,2374,2025-04-30T17:12:05,A,106
742,2380,2026-02-05T19:05:43,B,585
743,2384,2026-01-28T03:14:54,B,832
744,2391,2025-12-25T06:58:45,A,814
745,2396,2026-06-15T15:10:51,A,1010
746,2406,2026-05-07T08:14:11,B,490
747,2408,2025-08-29T04:56:15,A,665
748,2409,2025-12-27T14:35:57,A,582
749,2424,2025-09-24T21:22:20,A,27
750,2428,2025-09-09T08:51:50,A,611
751,2429,2025-10-04T01:30:09,C,313
752,2433,2025-06-16T08:04:23,C,526
753,2436,2026-08-03T06:52:53,C,329
754,2438,2025-09-29T06:06:59,C,495
755,2445,2025-09-21T18:30:19,A,697
756,2447,2025-07-20T04:14:32,B,777
757,2450,2026-09-24T15:25:00,A,347
758,2454,2025-09-25T15:48:49,B,482
759,2455,2025-11-19T03:05:21,C,87
760,2461,2026-08-04T09:58:18,B,116
761,2466,2025-06-28T09:07:08,B,207
762,2467,2026-08-26T06:40:31,C,883
763,2472,2025-07-27T12:21:37,C,1146
764,2473,2025-09-11T06:26:33,A,451
765,2475,2025-06-10T06:19:44,C,367
766,2482,2026-01-22T09:50:44,A,1096
767,2484,2025-11-15T16:02:32,C,877
768,2492,2025-10-21T04:05:12,B,94
769,2494,2026-02-18T07:27:15,C,1069
770,2496,2026-07-23T02:13:26,C,763
771,2499,2026-02-11T12:55:41,B,988
772,2501,2026-04-25T15:17:16,A,420
773,2504,2025-05-18T04:36:10,B,236
774,2509,2025-05-18T01:55:40,A,417
775,2511,2025-12-16T11:36:08,A,135
776,2519,2026-04-21T15:17:24,B,66
777,2521,2025-12-26T03:11:31,A,699
778,2527,2026-03-30T08:21:52,C,625
779,2532,2026-08-20T11:33:05,B,1110
780,2537,2026-01-11T11:31:30,B,633
781,2538,2026-03-01T19:47:27,C,725
782,2539,2026-06-14T13:27:03,B,88
783,2540,2025-12-01T17:42:32,C,221
784,2545,2026-08-19T19:27:21,B,241
785,2546,2025-10-26T20:52:14,A,232
786,2548,2025-07-17T23:39:09,A,834
787,2554,2026-09-02T07:07:52,A,680
788,2557,2025-05-24T05:48:52,C,81
789,2559,2026-04-18T22:39:57,C,291
790,2560,2026-01-22T22:30:22,A,637
791,2561,2026-07-26T22:51:17,C,480
792,2568,2025-10-13T02:37:25,B,699
793,2569,2026-06-16T06:05:41,C,299
794,2571,2025-05-03T18:54:47,A,817
795,2574,2026-03-05T21:23:22,A,1022
796,2578,2026-09-08T18:01:15,A,426
797,2579,2026-06-21T00:11:07,B,413
798,2580,2025-08-21T22:37:45,B,1029
799,2581,2025-07-03T01:24:51,B,557
800,2586,2026-01-07T14:02:17,A,1015
801,2587,2025-05-22T13:42:44,A,1122
802,2592,2025-10-03T10:44:33,B,44
803,2598,2026-04-08T05:36:04,C,595
804,2607,2025-08-15T23:25:34,C,384
805,2608,2025-05-19T03:55:11,C,951
806,2609,2025-03-30T13:16:21,C,245
807,2610,2026-10-15T06:28:16,B,464
808,2616,2025-11-03T02:33:43,A,604
809,2620,2025-07-28T05:19:49,A,7
810,2623,2026-05-12T03:19:42,B,436
811,2628,2026-06-07T07:23:11,A,969
812,2630,2025-08-12T07:46:17,A,800
813,2632,2026-11-26T02:27:06,A,186
814,2633,2026-05-16T11:05:11,A,320
815,2635,2025-11-05T21:20:30,B,340
816,2638,2026-03-22T15:21:01,B,957
817,2643,2025-10-18T13:18:41,C,1021
818,2644,2025-06-26T18:23:09,C,477
819,2646,2026-02-20T10:59:46,B,952
820,2652,2025-12-07T18:23:21,C,901
821,2653,2025-10-25T04:15:09,C,832
822,2656,2026-02-28T08:11:16,C,1182
823,2663,2025-06-21T16:25:55,B,958
824,2664,2026-07-02T16:10:24,C,247
825,2670,2026-07-02T19:49:22,B,602
826,2672,2025-06-09T14:49:15,B,719
827,2677,2025-10-16T00:52:27,A,748
828,2678,2025-08-25T02:55:14,B,701
829,2679,2026-04-27T04:45:43,C,693
830,2684,2026-03-20T02:09:11,B,969
831,2686,2026-05-26T03:04:22,C,909
832,2687,2025-08-30T13:29:06,A,661
833,2690,2025-08-18T14:39:11,B,734
834,2692,2025-09-18T15:27:37,B,513
835,2693,2025-08-06T23:20:30,C,216
836,2695,2026-05-28T21:14:11,C,857
837,2697,2025-11-09T01:30:31,C,634
838,2698,2025-03-13T12:38:18,B,1174
839,2700,2026-09-26T04:07:43,B,40
840,2702,2026-03-08T04:24:05,C,501
841,2723,2025-08-01T08:33:23,A,672
842,2724,2025-08-24T04:10:58,A,382
843,2733,2025-07-19T09:11:54,B,480
844,2737,2025-10-10T13:07:00,B,654
845,2741,2026-05-07T20:39:59,A,78
846,2749,2025-12-17T01:25:10,A,1016
847,2753,2026-01-26T21:39:44,B,1002
848,2760,2026-07-30T06:25:14,B,603
849,2762,2026-10-25T01:40:29,A,25
850,2764,2026-01-12T07:21:33,B,253
851,2768,2026-03-18T11:29:17,C,1174
852,2770,2026-09-01T01:27:13,B,968
853,2781,2025-05-20T21:51:01,A,959
854,2783,2025-11-20T23:14:51,A,964
855,2787,2025-12-21T10:02:03,B,341
856,2791,2025-07-29T10:44:17,C,517
857,2793,2026-06-07T00:42:57,C,347
858,2796,2025-06-22T10:08:51,A,1167
859,2800,2025-08-15T19:06:37,B,623
860,2802,2025-12-16T14:24:00,B,127
861,2803,2026-06-24T21:24:17,B,519
862,2804,2025-12-07T03:59:19,B,1190
863,2805,2025-08-06T05:31:16,B,628
864,2806,2026-07-02T08:59:38,A,997
865,2809,2025-05-18T23:17:11,A,1159
866,2811,2025-05-28T05:32:15,B,615
867,2817,2026-05-05T22:41:07,C,228
868,2818,2026-04-21T20:50:52,C,224
869,2822,2025-08-05T10:46:26,C,36
870,2825,2025-02-25T20:06:06,C,204
871,2827,2026-02-27T22:56:41,B,1126
872,2828,2025-12-04T11:09:11,B,507
873,2830,2026-03-26T00:09:53,B,470
874,2831,2025-12-07T04:34:47,A,786
875,2832,2026-10-02T04:43:43,A,657
876,2835,2026-02-13T01:28:20,A,788
877,2836,2026-01-12T03:36:56,C,526
878,2837,2026-08-20T17:50:27,C,760
879,2838,2026-05-23T15:56:10,A,526
880,2839,2025-05-24T19:11:21,C,52
881,2840,2026-07-14T00:42:30,A,298
882,2842,2025-10-16T23:16:14,A,1186
883,2843,2025-08-31T12:34:49,B,985
884,2844,2025-09-18T14:17:06,C,750
885,2856,2025-07-02T19:24:34,C,460
886,2857,2026-07-03T11:40:24,A,128
887,2859,2026-08-16T10:23:56,B,137
888,2861,2025-10-10T20:05:41,B,862
889,2862,2025-10-25T21:28:57,A,497
890,2864,2026-01-29T22:40:06,B,869
891,2865,2026-07-02T21:54:04,B,756
892,2866,2026-05-28T06:18:08,B,418
893,2870,2026-04-30T07:50:23,B,508
894,2875,2026-03-25T17:46:04,A,237
895,2881,2025-11-30T11:37:55,C,1187
896,2885,2026-03-14T21:17:07,C,361
897,2889,2025-12-26T11:14:12,B,788
898,2890,2025-06-02T04:27:22,A,597
899,2896,2025-08-05T05:09:41,C,241
900,2899,2025-12-03T07:23:23,C,951
901,2911,2026-03-19T05:27:39,B,257
902,2913,2025-05-15T17:07:23,B,200
903,2920,2026-02-03T12:04:06,A,813
904,2926,2026-11-01T08:26:53,C,1120
905,2929,2025-06-29T09:02:00,C,699
906,2932,2025-09-18T13:31:44,C,543
907,2935,2026-10-24T13:29:07,C,289
908,2936,2025-12-12T06:00:38,C,1153
909,2942,2026-09-16T16:41:42,C,339
910,2960,2025-09-13T04:35:02,A,184
911,2971,2025-04-17T23:11:16,C,603
912,2973,2025-08-08T06:28:00,B,681
913,2974,2025-11-30T02:20:13,C,354
914,2976,2026-07-11T00:48:39,B,1051
915,2978,2026-07-30T12:58:44,A,1157
916,2981,2026-03-17T21:12:31,B,843
917,2982,2026-09-11T05:26:40,C,198
918,2988,2026-09-18T21:28:14,A,767
919,2989,2025-06-18T15:21:50,B,424
920,2994,2025-08-21T06:58:10,C,531
921,2995,2026-01-13T15:28:58,A,180
922,2996,2026-10-21T09:15:58,A,723
923,2997,2026-10-14T08:46:18,C,488
924,3007,2025-08-26T16:51:52,C,231
925,3010,2025-12-09T12:35:38,C,260
926,3011,2025-06-11T20:52:40,B,290
927,3015,2026-05-27T22:13:31,C,766
928,3016,2025-03-02T12:15:48,C,164
929,3017,2026-02-04T22:17:48,C,608
930,3020,2025-06-13T07:23:42,A,1088
931,3021,2025-08-30T19:27:30,B,462
932,3024,2026-10-13T09:05:29,C,802
933,3028,2026-03-12T11:38:30,A,36
934,3029,2025-10-05T22:24:39,C,436
935,3031,2025-04-19T22:54:09,B,662
936,3033,2025-07-18T07:12:47,A,479
937,3042,2025-10-10T10:24:16,C,925
938,3043,2026-09-05T03:39:21,A,870
939,3044,2025-06-21T03:57:20,B,884
940,3056,2026-03-04T02:48:39,A,726
941,3059,2026-01-09T15:06:39,C,732
942,3064,2026-03-20T18:10:05,A,1040
943,3065,2026-11-24T06:10:19,C,844
944,3066,2025-12-07T07:25:30,B,807
945,3067,2026-02-16T08:02:52,B,503
946,3069,2026-04-21T06:18:03,C,712
947,3073,2025-12-27T18:16:32,C,801
948,3074,2025-12-23T07:12:54,B,851
949,3078,2026-01-15T03:56:52,C,884
950,3080,2026-06-29T19:26:08,A,582
951,3083,2025-11-04T11:55:20,C,91
952,3085,2025-11-19T22:19:56,C,8
953,3088,2026-08-04T19:01:16,A,551
954,3094,2026-02-06T23:37:32,B,924
955,3096,2026-04-28T18:30:23,A,1087
956,3104,2026-06-23T17:41:39,B,304
957,3107,2026-11-20T04:37:28,A,125
958,3115,2025-09-20T15:25:56,C,1067
959,3117,2025-09-02T01:43:26,B,732
960,3118,2026-09-26T11:57:10,C,819
961,3119,2025-12-22T11:26:27,B,257
962,3127,2026-06-13T16:52:50,A,765
963,3128,2025-09-24T03:36:04,A,139
964,3132,2026-01-03T17:54:25,B,276
965,3134,2026-11-14T07:54:41,B,830
966,3141,2025-12-23T22:22:13,C,22
967,3150,2026-01-26T10:38:16,C,162
968,3157,2026-01-12T15:25:41,B,499
969,3166,2026-04-13T12:57:04,A,1118
970,3169,2025-07-17T03:43:17,A,1081
971,3175,2026-12-11T07:34:48,B,294
972,3179,2026-01-25T18:43:10,A,627
973,3181,2025-12-31T20:34:10,C,645
974,3184,2026-05-05T22:51:11,C,931
975,3186,2026-09-09T10:28:48,C,569
976,3187,2025-06-18T06:18:14,C,378
977,3197,2025-09-26T01:48:55,C,775
978,3210,2025-10-30T19:23:03,A,242
979,3211,2025-09-24T11:53:15,B,509
980,3213,2026-01-15T08:50:01,B,1031
981,3215,2026-06-11T13:05:52,A,680
982,3216,2026-05-22T00:37:39,B,503
983,3221,2025-08-26T21:55:25,B,1105
984,3222,2025-09-23T07:37:01,A,71
985,3226,2026-06-13T14:22:19,B,459
986,3229,2026-10-21T22:22:59,A,120
987,3230,2025-07-17T01:01:00,C,11
988,3233,2026-05-15T22:21:47,A,325
989,3234,2026-08-09T14:15:29,C,1116
990,3235,2025-12-25T19:25:41,B,787
991,3240,2025-10-09T04:45:52,A,1141
992,3247,2025-12-26T12:56:38,B,173
993,3248,2026-08-27T18:02:47,C,376
994,3252,2026-04-20T08:07:28,C,320
995,3258,2025-02-24T16:37:22,C,781
996,3260,2025-10-21T15:08:32,A,255
997,3264,2026-01-08T06:00:33,C,658
998,3266,2026-05-20T04:01:45,C,934
999,3267,2026-10-19T11:31:26,B,458
1000,3276,2026-12-14T20:48:36,C,854
1001,3281,2025-12-11T15:55:23,B,541
1002,3283,2026-08-26T18:11:50,B,263
1003,3286,2026-03-12T23:57:57,A,823
1004,3289,2025-11-07T03:27:23,A,1131
1005,3290,2025-08-23T04:12:18,A,462
1006,3296,2025-12-13T04:17:01,A,420
1007,3300,2026-03-17T09:12:46,B,306
1008,3301,2025-08-22T02:27:04,C,306
1009,3303,2025-07-27T09:35:52,A,673
1010,3304,2025-03-03T09:27:15,B,237
1011,3309,2025-07-04T19:50:04,B,836
1012,3310,2025-11-24T05:57:13,B,1117
1013,3311,2025-08-30T16:42:31,C,794
1014,3313,2026-05-31T16:17:17,A,319
1015,3317,2026-05-30T17:32:21,C,678
1016,3319,2025-11-23T10:04:29,A,452
1017,3320,2026-04-03T06:23:37,B,611
1018,3321,2025-06-26T00:16:24,B,946
1019,3323,2026-07-22T02:57:09,B,147
1020,3324,2026-06-20T08:46:38,A,1073
1021,3331,2026-04-14T06:21:53,B,648
1022,3337,2026-01-05T23:10:50,B,987
1023,3339,2026-01-19T01:21:28,C,750
1024,3349,2026-01-30T07:28:54,A,272
1025,3357,2025-11-09T04:21:00,A,708
1026,3358,2025-04-29T17:41:55,C,954
1027,3362,2025-04-03T18:48:52,A,471
1028,3366,2026-09-10T00:20:29,C,1142
1029,3374,2025-12-25T12:11:13,A,1104
1030,3375,2026-05-11T08:05:15,A,902
1031,3376,2026-01-14T05:18:39,B,951
1032,3377,2025-07-23T08:30:24,A,998
1033,3382,2026-06-05T02:43:37,B,4
1034,3383,2026-03-23T08:01:18,A,470
1035,3390,2026-03-20T20:16:19,A,389
1036,3391,2025-12-21T05:16:25,C,960
1037,3394,2026-05-31T09:02:18,C,1146
1038,3395,2026-10-21T06:42:18,B,738
1039,3401,2026-01-18T17:33:43,A,367
1040,3404,2026-11-24T06:01:51,B,250
1041,3409,2026-08-26T19:10:08,C,784
1042,3412,2026-04-09T13:37:21,A,164
1043,3414,2025-07-17T16:18:13,B,678
1044,3423,2026-08-23T22:13:58,C,1100
1045,3425,2025-05-27T22:49:41,B,320
1046,3427,2026-03-16T07:23:28,A,110
1047,3429,2026-07-13T02:08:15,C,869
1048,3430,2025-12-13T02:55:30,A,79
1049,3431,2026-03-08T06:37:59,B,913
1050,3438,2025-04-28T18:47:41,A,1085
1051,3443,2026-06-15T18:12:56,A,394
1052,3452,2026-10-03T09:32:48,B,574
1053,3454,2025-03-12T00:03:20,A,744
1054,3457,2026-02-26T23:43:39,C,985
1055,3459,2025-10-10T13:54:29,A,690
1056,3464,2026-03-13T12:34:16,C,129
1057,3469,2025-07-17T02:46:28,A,445
1058,3470,2025-08-28T17:37:05,B,79
1059,3472,2025-08-17T23:09:39,B,173
1060,3473,2026-02-15T15:12:50,C,886
1061,3474,2025-05-08T08:50:45,B,987
1062,3475,2026-03-14T00:06:59,A,874
1063,3482,2026-06-19T05:01:34,B,361
1064,3483,2026-02-25T03:39:19,B,499
1065,3485,2025-09-09T03:31:44,A,1149
1066,3490,2026-04-20T15:46:33,C,417
1067,3496,2025-03-30T00:50:44,C,1011
1068,3501,2026-10-04T04:14:20,A,453
1069,3505,2026-05-24T07:27:53,C,353
1070,3507,2026-07-27T03:34:46,C,200
1071,3508,2026-04-10T07:38:54,C,365
1072,3509,2025-06-22T07:45:25,B,1181
1073,3510,2025-04-21T11:39:04,B,195
1074,3512,2025-10-30T06:00:58,C,627
1075,3513,2026-05-29T22:17:30,B,490
1076,3520,2025-07-26T19:10:34,B,933
1077,3522,2026-03-03T15:43:41,B,502
1078,3527,2025-10-21T10:24:11,B,1049
1079,3530,2026-02-10T18:06:36,C,266
1080,3531,2026-05-22T04:41:03,C,49
1081,3532,2026-11-29T12:07:56,B,427
1082,3537,2026-09-25T09:30:10,C,931
1083,3539,2026-08-13T14:17:57,A,618
1084,3545,2026-03-18T12:20:20,B,784
1085,3547,2026-12-05T12:20:03,C,804
1086,3548,2025-08-15T11:58:09,C,185
1087,3550,2026-10-27T18:50:06,B,248
1088,3552,2025-04-12T09:07:36,A,789
1089,3553,2025-07-22T19:27:55,B,802
1090,3562,2026-11-20T20:58:40,A,1172
1091,3563,2025-06-24T04:26:22,C,273
1092,3566,2026-08-23T04:00:02,C,95
1093,3567,2026-02-05T09:18:20,B,896
1094,3569,2026-03-05T10:37:31,B,137
1095,3570,2026-04-14T22:07:24,B,1073
1096,3571,2025-06-24T23:55:33,A,319
1097,3573,2025-12-14T14:12:42,B,575
1098,3574,2025-08-29T11:14:40,B,1094
1099,3577,2025-09-28T17:41:00,B,116
1100,3579,2026-07-10T19:57:39,B,1117
1101,3585,2025-11-18T19:18:42,A,215
1102,3595,2026-08-09T19:53:29,A,204
1103,3600,2026-06-14T23:33:19,A,223
1104,3602,2026-01-18T02:40:12,C,429
1105,3603,2025-05-22T02:05:34,A,465
1106,3604,2025-11-09T03:28:11,B,742
1107,3607,2026-03-31T11:54:35,B,728
1108,3608,2026-06-11T11:33:45,B,636
1109,3611,2026-05-26T20:30:26,B,636
1110,3615,2026-05-07T16:16:42,A,576
1111,3617,2026-07-19T19:58:03,C,1086
1112,3620,2025-12-26T16:05:48,C,831
1113,3622,2026-04-28T16:45:38,B,357
1114,3623,2025-04-13T13:13:39,C,233
1115,3626,2026-01-10T20:30:54,B,549
1116,3627,2025-02-14T11:22:03,A,701
1117,3630,2025-11-18T18:33:03,B,1175
1118,3631,2025-10-12T13:41:29,C,886
1119,3637,2025-04-22T11:21:01,A,401
1120,3639,2026-07-12T13:27:11,B,785
1121,3646,2025-04-09T12:07:36,C,1153
1122,3659,2025-03-26T07:58:48,C,179
1123,3661,2025-05-09T15:57:44,A,1093
1124,3665,2026-03-01T08:18:11,A,186
1125,3669,2026-01-23T06:56:28,C,683
1126,3678,2025-11-06T03:49:01,A,641
1127,3680,2025-10-19T17:11:27,A,589
1128,3681,2026-12-05T23:59:07,C,1091
1129,3683,2025-06-05T14:20:46,C,441
1130,3690,2026-05-05T22:45:42,C,279
1131,3692,2025-12-21T13:22:14,C,13
1132,3704,2026-02-14T06:58:26,B,580
1133,3707,2025-09-30T14:11:52,A,74
1134,3709,2026-02-09T02:29:03,A,833
1135,3716,2026-11-26T15:57:19,B,1014
1136,3717,2026-02-27T18:45:06,B,390
1137,3722,2025-05-15T12:05:11,C,698
1138,3735,2025-04-25T13:09:45,C,961
1139,3741,2026-01-08T23:58:51,B,1109
1140,3742,2025-08-23T00:08:46,C,487
1141,3743,2025-03-24T19:49:30,A,875
1142,3744,2026-05-13T12:27:05,A,476
1143,3745,2026-07-29T02:25:25,C,689
1144,3747,2026-06-20T19:00:22,A,546
1145,3749,2026-12-07T11:03:25,C,188
1146,3750,2026-03-19T19:15:44,C,270
1147,3753,2026-09-01T08:56:19,B,409
1148,3762,2026-02-15T17:24:17,B,876
1149,3768,2026-09-05T06:58:41,A,217
1150,3770,2025-12-06T00:27:54,C,935
1151,3774,2026-11-16T18:27:53,A,1188
1152,3777,2025-07-19T22:06:36,C,964
1153,3783,2025-06-07T18:35:29,B,1173
1154,3789,2025-10-18T07:07:17,B,989
1155,3792,2026-10-16T21:56:57,C,268
1156,3803,2025-10-03T07:43:03,B,430
1157,3807,2026-09-01T13:35:46,C,363
1158,3820,2026-03-13T02:26:34,B,797
1159,3827,2025-07-24T05:32:04,B,81
1160,3833,2025-06-29T07:34:27,C,608
1161,3843,2026-07-01T09:42:10,C,847
1162,3850,2026-10-26T02:09:34,A,672
1163,3856,2026-04-09T14:06:52,B,1009
1164,3866,2026-06-08T00:39:36,B,800
1165,3869,2026-05-05T20:44:33,B,1082
1166,3870,2026-08-08T01:34:25,C,669
1167,3872,2025-08-27T20:54:18,B,35
1168,3893,2025-08-14T11:10:07,B,987
1169,3894,2025-07-30T15:30:05,C,336
1170,3896,2025-05-26T00:42:48,B,669
1171,3901,2026-01-20T01:30:31,B,259
1172,3904,2026-03-08T04:13:19,C,765
1173,3916,2025-06-07T18:42:10,A,290
1174,3923,2026-02-05T23:26:25,B,480
1175,3924,2025-10-06T06:23:02,B,1084
1176,3931,2025-10-30T13:15:51,A,93
1177,3932,2025-09-27T10:54:36,C,907
1178,3934,2026-03-19T18:04:02,C,474
1179,3936,2026-09-29T08:59:48,B,175
1180,3941,2025-05-31T00:40:15,A,750
1181,3942,2026-03-19T05:19:20,C,597
1182,3943,2026-06-13T15:21:48,B,1193
1183,3947,2025-06-23T01:15:40,A,1126
1184,3950,2026-10-10T14:26:29,C,706
1185,3959,2026-01-10T08:35:55,C,258
1186,3965,2026-05-10T20:57:38,C,1098
1187,3971,2025-11-23T16:56:36,C,361
1188,3982,2025-09-13T19:47:39,C,47
1189,3988,2025-06-28T14:22:21,A,270
1190,3990,2025-06-25T07:32:45,B,545
1191,3994,2025-06-23T21:51:54,A,964
1192,3997,2025-07-06T20:28:24,B,269
1193,3998,2026-05-20T05:02:55,C,400
1194,4000,2025-07-13T19:47:24,A,153
1195,4001,2026-07-29T08:41:56,A,1103
1196,4002,2026-10-07T22:26:46,C,642
1197,4003,2025-10-22T06:07:03,B,182
1198,4009,2025-11-29T22:38:23,B,114
1199,4010,2026-05-17T23:40:35,C,756
1200,4011,2026-08-06T01:46:01,C,623
1201,4018,2026-03-16T22:54:27,B,1163
1202,4019,2026-05-12T04:48:04,B,157
1203,4020,2025-12-31T05:26:52,A,752
1204,4021,2025-10-24T11:24:11,B,445
1205,4032,2026-06-07T05:35:20,B,51
1206,4037,2026-01-31T13:16:03,A,859
1207,4038,2026-02-22T03:42:54,B,1190
1208,4044,2025-11-03T15:39:43,C,1021
1209,4050,2026-03-19T17:24:24,B,161
1210,4051,2025-10-05T15:38:31,B,729
1211,4052,2026-05-12T17:07:58,A,611
1212,4054,2025-10-27T20:34:24,B,493
1213,4057,2025-09-06T14:40:20,B,106
1214,4062,2026-05-22T22:37:43,C,246
1215,4064,2025-12-04T11:41:11,A,109
1216,4065,2025-05-15T22:37:04,B,773
1217,4066,2025-11-30T06:32:21,B,274
1218,4069,2026-03-09T14:09:05,C,612
1219,4071,2026-05-02T08:14:08,A,297
1220,4073,2026-04-09T05:00:41,C,1175
1221,4075,2026-02-06T00:10:17,C,141
1222,4076,2026-02-17T21:27:47,B,55
1223,4079,2025-09-08T15:01:33,B,1118
1224,4104,2026-07-19T19:29:00,C,65
1225,4105,2026-05-31T02:13:10,C,551
1226,4115,2025-09-22T06:39:50,B,559
1227,4117,2026-05-05T19:27:48,B,1153
1228,4122,2026-04-15T22:02:33,C,933
1229,4129,2025-11-24T17:19:53,A,609
1230,4135,2026-01-24T07:20:43,A,553
1231,4138,2026-04-05T20:35:02,A,1023
1232,4140,2025-11-24T09:51:27,C,487
1233,4147,2025-06-28T11:23:45,C,568
1234,4148,2025-06-04T13:55:39,A,402
1235,4157,2025-06-03T04:55:18,B,342
1236,4160,2025-10-10T16:34:43,C,349
1237,4168,2025-07-28T16:59:59,A,700
1238,4173,2026-01-12T11:49:18,A,285
1239,4176,2025-06-14T23:05:56,A,517
1240,4178,2026-03-25T22:11:10,C,335
1241,4180,2026-01-07T20:36:17,B,860
1242,4181,2025-03-10T01:19:23,C,58
1243,4184,2026-03-09T18:19:39,B,57
1244,4186,2026-09-13T13:59:32,B,987
1245,4187,2025-11-08T02:37:12,B,554
1246,4188,2025-07-08T20:40:55,C,66
1247,4191,2025-08-04T17:08:10,A,1016
1248,4194,2025-10-03T22:31:49,B,315
1249,4201,2026-10-19T02:38:16,B,114
1250,4208,2026-03-08T11:24:50,C,1175
1251,4212,2025-02-16T11:56:00,C,1031
1252,4216,2026-10-05T15:04:45,A,269
1253,4219,2026-05-11T11:50:36,A,697
1254,4220,2026-02-11T12:48:26,B,977
1255,4221,2026-01-01T20:11:11,A,615
1256,4222,2025-07-25T17:22:21,B,858
1257,4224,2025-07-29T00:10:36,B,283
1258,4226,2026-01-13T13:04:16,C,968
1259,4227,2025-12-02T13:02:15,C,675
1260,4228,2025-10-17T18:29:22,B,657
1261,4232,2025-02-25T23:07:07,B,171
1262,4233,2025-04-14T01:49:56,B,807
1263,4235,2025-03-29T21:25:21,B,843
1264,4243,2026-05-11T23:28:38,B,682
1265,4246,2026-10-27T12:59:04,A,1018
1266,4253,2025-08-16T17:41:15,B,39
1267,4263,2026-07-11T00:18:59,A,72
1268,4264,2025-10-05T21:19:52,B,401
1269,4268,2026-01-16T23:24:01,B,602
1270,4274,2025-06-11T13:00:33,B,364
1271,4276,2026-04-11T21:13:39,B,76
1272,4277,2025-12-11T03:59:31,B,982
1273,4278,2025-09-14T17:45:55,A,1002
1274,4280,2026-02-21T02:59:42,B,769
1275,4287,2025-11-27T18:55:05,A,753
1276,4288,2025-11-29T08:13:47,A,1097
1277,4289,2025-12-12T07:57:12,B,89
1278,4293,2025-07-17T21:55:16,B,324
1279,4294,2025-08-07T01:06:53,C,185
1280,4295,2025-10-30T09:42:18,B,608
1281,4298,2025-10-08T01:01:48,C,668
1282,4301,2026-11-15T18:06:13,B,492
1283,4307,2025-11-02T06:38:07,C,424
1284,4309,2026-01-10T21:41:41,A,553
1285,4311,2026-04-04T19:07:48,C,617
1286,4312,2026-01-19T21:23:49,C,618
1287,4315,2025-08-07T16:47:30,B,614
1288,4321,2025-11-15T20:32:42,C,304
1289,4327,2025-09-18T01:18:10,B,433
1290,4328,2025-08-08T17:24:48,A,1051
1291,4330,2025-07-16T06:50:00,A,941
1292,4331,2026-04-01T20:39:26,C,730
1293,4335,2025-06-06T01:23:49,B,653
1294,4337,2025-06-22T21:20:30,A,834
1295,4340,2026-10-11T17:52:23,C,900
1296,4341,2026-03-18T08:30:38,B,857
1297,4346,2025-06-29T11:35:21,A,68
1298,4348,2026-07-30T14:25:38,A,450
1299,4352,2025-11-15T14:56:13,B,435
1300,4355,2025-06-10T16:23:37,C,208
1301,4357,2026-10-02T13:07:20,C,845
1302,4360,2025-09-02T20:16:09,A,998
1303,4362,2025-06-16T13:02:59,C,628
1304,4371,2026-02-05T06:03:33,C,438
1305,4373,2026-01-18T14:34:17,A,212
1306,4375,2025-06-24T09:18:07,C,637
1307,4376,2026-07-21T15:34:39,C,98
1308,4377,2025-08-01T19:36:21,C,105
1309,4386,2025-09-11T08:22:34,B,666
1310,4389,2026-04-15T04:57:25,B,162
1311,4390,2026-08-17T06:18:29,B,1116
1312,4391,2026-02-20T22:37:59,A,316
1313,4392,2026-05-13T14:47:13,B,505
1314,4394,2026-04-18T12:10:06,C,661
1315,4395,2026-09-09T15:07:55,B,1087
1316,4397,2026-01-03T09:43:39,C,771
1317,4401,2025-04-11T14:36:17,B,1197
1318,4402,2026-02-13T01:48:21,C,893
1319,4407,2025-08-15T04:08:09,B,132
1320,4410,2025-08-19T08:54:58,C,1049
1321,4415,2025-11-29T18:31:20,B,628
1322,4416,2025-07-13T14:20:03,C,450
1323,4419,2026-04-16T12:34:18,A,263
1324,4421,2026-03-28T02:15:51,C,814
1325,4422,2025-05-26T13:39:54,B,743
1326,4425,2026-02-20T11:04:52,B,856
1327,4426,2026-10-23T07:40:16,A,783
1328,4430,2025-09-02T12:27:24,B,889
1329,4433,2026-10-10T15:18:27,B,414
1330,4439,2026-03-31T12:06:15,C,1003
1331,4441,2025-08-29T15:31:04,A,1072
1332,4444,2025-08-11T03:47:04,B,322
1333,4447,2025-04-06T13:16:26,C,1175
1334,4453,2025-06-25T10:15:03,B,980
1335,4455,2026-05-02T15:41:57,B,314
1336,4462,2026-03-31T02:16:03,A,1146
1337,4463,2026-06-12T10:30:21,B,136
1338,4464,2025-04-14T12:00:05,A,31
1339,4465,2026-09-01T17:55:14,A,309
1340,4467,2026-06-12T17:02:36,A,335
1341,4468,2026-03-15T19:52:58,B,1037
1342,4477,2026-11-29T07:13:17,A,788
1343,4485,2026-02-01T14:15:37,B,69
1344,4487,2026-01-20T17:23:19,B,907
1345,4494,2025-06-28T15:31:34,C,442
1346,4496,2026-08-31T23:48:01,A,199
1347,4497,2026-05-11T18:53:39,B,113
1348,4500,2025-12-01T18:20:14,B,937
1349,4503,2026-03-30T20:47:35,A,169
1350,4506,2025-07-04T04:58:32,A,712
1351,4509,2025-05-29T19:35:07,B,741
1352,4513,2025-07-11T16:04:55,B,853
1353,4518,2026-06-07T00:31:58,C,829
1354,4520,2025-10-21T10:05:06,C,386
1355,4521,2025-12-26T20:19:08,B,1185
1356,4527,2026-10-09T11:15:58,A,592
1357,4528,2026-08-03T01:23:51,B,1194
1358,4535,2026-05-27T03:12:31,A,794
1359,4540,2026-03-15T19:13:06,B,944
1360,4542,2026-04-15T00:39:28,C,543
1361,4548,2026-11-16T19:47:27,C,260
1362,4553,2025-07-02T07:32:46,A,388
1363,4560,2025-12-23T02:06:44,C,516
1364,4562,2026-06-15T12:43:33,B,1183
1365,4564,2025-12-24T06:13:36,A,812
1366,4572,2026-04-15T07:36:10,A,369
1367,4575,2025-11-27T03:21:23,A,728
1368,4576,2026-07-02T09:07:08,C,570
1369,4578,2026-04-26T06:26:11,A,725
1370,4581,2025-11-10T11:50:34,A,571
1371,4585,2026-05-14T23:08:25,B,762
1372,4588,2026-08-17T03:25:18,C,1032
1373,4592,2026-07-20T08:15:37,B,863
1374,4594,2026-01-17T08:02:06,B,47
1375,4597,2026-08-18T05:56:34,B,628
1376,4598,2025-09-14T22:29:10,B,461
1377,4602,2025-09-22T07:57:15,A,398
1378,4606,2026-01-28T11:23:30,B,396
1379,4607,2026-11-01T19:32:45,A,746
1380,4609,2026-03-16T18:59:50,A,694
1381,4613,2025-08-06T21:54:03,A,986
1382,4616,2025-10-09T23:50:02,C,70
1383,4626,2026-01-28T10:04:11,A,160
1384,4627,2026-10-11T21:22:32,B,808
1385,4628,2025-08-08T09:24:12,A,546
1386,4629,2025-06-01T00:00:34,A,1150
1387,4631,2025-08-29T05:26:02,A,277
1388,4634,2026-02-02T15:58:34,B,921
1389,4636,2026-02-27T13:46:09,B,1186
1390,4638,2026-01-03T16:33:03,A,736
1391,4639,2026-05-09T01:09:22,A,270
1392,4640,2025-05-08T12:31:19,B,985
1393,4653,2026-01-21T03:06:52,B,1105
1394,4673,2025-09-02T04:59:24,C,858
1395,4674,2026-01-08T09:27:17,A,14
1396,4676,2026-05-01T00:56:06,B,1053
1397,4678,2026-06-18T00:41:56,B,7
1398,4680,2026-04-26T01:56:07,C,934
1399,4681,2025-07-17T20:21:18,A,176
1400,4685,2026-03-11T21:18:13,A,576
1401,4691,2025-11-01T15:26:32,C,952
1402,4694,2026-01-10T14:13:22,A,872
1403,4699,2025-02-19T22:59:21,B,616
1404,4700,2026-05-08T03:55:16,B,627
1405,4702,2026-07-09T14:01:56,B,915
1406,4704,2025-07-13T20:16:06,A,770
1407,4708,2026-02-07T03:53:45,B,737
1408,4711,2026-06-05T13:30:15,C,564
1409,4712,2026-12-11T23:06:58,A,397
1410,4715,2025-08-09T11:17:54,A,882
1411,4721,2025-12-28T20:50:35,C,502
1412,4725,2026-10-21T05:17:47,C,58
1413,4727,2026-03-01T14:24:13,C,788
1414,4731,2025-06-22T14:01:19,A,314
1415,4734,2025-08-05T03:05:26,A,928
1416,4738,2026-02-10T05:13:03,B,777
1417,4743,2025-04-03T15:47:38,B,409
1418,4745,2025-10-31T14:27:18,B,301
1419,4746,2026-02-10T23:21:29,A,1181
1420,4753,2026-09-21T16:48:25,A,1019
1421,4756,2026-07-20T10:34:31,C,228
1422,4758,2026-10-23T15:57:47,C,547
1423,4761,2025-12-29T15:23:44,C,505
1424,4763,2026-07-22T10:59:31,C,207
1425,4765,2026-03-30T14:34:24,A,148
1426,4768,2025-10-15T09:38:04,C,659
1427,4773,2026-05-16T09:45:23,A,579
1428,4775,2026-05-01T09:54:58,C,443
1429,4776,2026-03-30T18:14:09,C,1073
1430,4781,2026-07-05T16:28:36,C,915
1431,4790,2025-06-02T08:51:22,A,359
1432,4791,2026-07-11T19:56:16,A,1161
1433,4796,2026-07-11T14:59:21,C,546
1434,4798,2026-07-31T17:59:19,A,1025
1435,4802,2025-03-02T00:06:46,C,894
1436,4807,2026-02-26T13:23:04,B,769
1437,4812,2026-08-31T21:41:28,B,1160
1438,4817,2026-07-12T14:26:34,A,11
1439,4818,2026-07-10T06:07:58,A,885
1440,4820,2025-12-27T17:53:01,A,184
1441,4828,2025-08-14T07:37:42,C,1047
1442,4830,2026-05-17T23:39:46,C,712
1443,4831,2025-09-05T21:31:22,A,1013
1444,4839,2025-08-15T09:37:56,B,897
1445,4841,2026-01-29T20:09:24,B,341
1446,4843,2025-08-22T00:33:08,C,93
1447,4845,2025-11-02T20:29:19,B,440
1448,4848,2025-02-13T21:30:38,C,376
1449,4850,2026-03-18T12:56:37,A,930
1450,4851,2025-09-14T05:06:50,A,379
1451,4853,2025-08-09T08:04:42,A,1081
1452,4856,2025-08-03T05:57:04,B,293
1453,4865,2026-06-23T01:32:27,B,365
1454,4866,2025-08-16T09:32:05,C,883
1455,4867,2026-06-13T12:16:31,A,577
1456,4873,2025-11-24T18:22:32,C,892
1457,4875,2026-03-25T16:12:21,C,830
1458,4877,2025-11-04T05:40:50,C,1194
1459,4879,2026-07-07T13:48:33,C,77
1460,4881,2025-12-18T05:39:04,A,618
1461,4883,2025-10-25T23:59:53,B,517
1462,4886,2026-05-17T17:23:50,C,1151
1463,4887,2025-06-18T23:32:08,B,1187
1464,4889,2026-07-09T11:55:10,C,411
1465,4896,2026-06-27T14:12:22,C,958
1466,4911,2026-04-24T19:57:22,A,839
1467,4932,2026-12-05T13:11:05,A,761
1468,4934,2026-06-30T23:00:23,B,752
1469,4935,2025-12-07T03:43:09,C,907
1470,4939,2025-05-14T21:13:11,C,802
1471,4950,2026-04-11T07:06:04,C,876
1472,4952,2026-03-29T14:25:04,B,746
1473,4953,2026-04-29T05:22:37,B,955
1474,4958,2025-08-29T12:59:19,C,515
1475,4959,2026-05-08T14:51:49,B,664
1476,4961,2025-12-23T09:44:40,A,362
1477,4962,2026-01-06T22:32:41,B,1007
1478,4967,2026-06-13T16:56:20,C,1076
1479,4971,2026-04-11T23:19:11,B,381
1480,4973,2026-01-16T04:14:29,A,152
1481,4976,2026-09-09T20:51:18,C,726
1482,4980,2026-07-24T14:16:43,A,878
1483,4981,2025-12-04T14:26:34,B,54
1484,4987,2026-02-02T06:36:02,C,113
1485,4988,2026-09-06T19:41:49,C,585
1486,4990,2026-06-29T14:05:12,B,924
1487,4992,2025-07-24T13:29:09,B,716
1488,4993,2026-04-12T14:00:34,B,305
1489,4999,2025-08-08T14:44:13,C,514
1490,5000,2026-03-31T19:36:01,A,744
1491,5004,2026-03-21T12:57:16,A,1045
1492,5005,2026-02-24T16:10:29,C,1157
1493,5008,2026-03-08T07:47:41,B,273
1494,5011,2025-09-21T21:40:36,C,18
1495,5017,2025-10-04T09:10:11,C,472
1496,5023,2025-09-12T05:35:18,B,441
1497,5032,2026-03-15T11:36:28,A,258
1498,5035,2025-12-06T08:00:59,B,1055
1499,5036,2025-10-11T08:43:51,A,486
1500,5040,2025-11-01T21:53:12,A,379
1501,5041,2025-07-10T05:18:28,A,674
1502,5042,2025-10-04T13:11:41,A,1066
1503,5048,2025-11-19T12:43:03,B,1123
1504,5051,2026-04-25T09:56:54,C,773
1505,5052,2026-05-05T07:24:05,B,158
1506,5054,2026-03-06T10:53:02,B,225
1507,5055,2025-05-14T04:47:43,B,1140
1508,5056,2026-11-05T19:05:47,A,1022
1509,5068,2026-01-09T03:38:50,C,1170
1510,5069,2025-09-04T23:46:26,C,717
1511,5074,2026-02-09T15:34:41,A,859
1512,5076,2025-07-24T17:09:07,C,126
1513,5077,2026-08-22T21:56:31,B,713
1514,5078,2025-11-03T20:38:30,A,864
1515,5079,2026-05-21T05:10:58,C,747
1516,5085,2026-03-14T03:08:44,A,927
1517,5090,2026-08-14T23:49:49,B,803
1518,5093,2025-12-04T09:51:17,A,195
1519,5094,2025-11-25T15:22:29,C,405
1520,5095,2025-04-28T08:17:33,B,568
1521,5097,2026-01-21T08:26:07,C,528
1522,5100,2025-12-29T16:47:07,A,351
1523,5103,2026-09-19T22:41:12,A,552
1524,5111,2025-12-07T08:14:02,C,49
1525,5113,2026-08-12T09:14:51,C,848
1526,5114,2026-06-21T13:08:53,A,327
1527,5115,2025-04-12T12:20:46,A,139
1528,5116,2026-09-06T14:19:05,C,79
1529,5118,2026-08-06T05:41:26,A,138
1530,5119,2026-03-14T06:30:30,B,1
1531,5123,2026-03-19T20:16:42,C,807
1532,5125,2026-05-08T05:34:55,B,168
1533,5128,2025-08-11T20:29:32,C,218
1534,5137,2025-11-13T18:08:22,C,393
1535,5143,2025-05-23T04:10:17,A,62
1536,5144,2026-03-24T14:25:20,B,739
1537,5151,2026-03-23T12:44:51,A,1118
1538,5153,2026-03-22T17:08:12,A,20
1539,5160,2026-07-02T21:47:53,B,997
1540,5161,2026-08-17T03:47:01,B,952
1541,5163,2026-07-21T15:49:07,B,1199
1542,5166,2025-07-24T16:23:51,B,802
1543,5169,2025-07-26T13:37:56,B,266
1544,5172,2025-11-17T09:59:18,C,404
1545,5173,2025-08-08T14:29:59,A,689
1546,5174,2026-05-25T12:24:34,B,109
1547,5175,2026-04-01T18:02:58,B,979
1548,5179,2026-03-05T14:38:05,B,13
1549,5181,2025-06-27T23:44:24,C,280
1550,5186,2025-11-03T20:32:52,A,947
1551,5188,2026-10-16T07:16:06,C,694
1552,5192,2026-08-12T06:58:46,B,138
1553,5200,2026-08-02T09:05:06,C,274
1554,5202,2026-08-03T06:54:26,C,589
1555,5203,2026-05-19T21:08:15,A,762
1556,5204,2025-07-21T01:21:34,B,786
1557,5213,2026-05-01T04:21:42,C,1119
1558,5216,2025-06-29T18:23:26,C,114
1559,5221,2026-10-26T17:14:45,B,584
1560,5228,2025-10-23T15:14:32,C,345
1561,5230,2025-05-31T19:43:17,C,843
1562,5238,2025-09-22T05:30:00,B,1057
1563,5245,2025-11-21T00:10:19,B,1157
1564,5246,2025-07-04T15:14:04,A,342
1565,5247,2026-03-16T14:30:49,A,525
1566,5255,2026-01-07T00:23:08,B,138
1567,5259,2025-06-26T09:34:21,A,50
1568,5260,2025-05-02T23:31:59,B,3
1569,5261,2025-08-23T17:07:19,A,698
1570,5263,2026-01-02T16:52:10,C,324
1571,5275,2025-03-12T17:33:57,B,1074
1572,5277,2025-09-16T15:27:02,A,1026
1573,5279,2025-05-01T17:44:17,B,930
1574,5283,2026-07-02T07:12:46,A,547
1575,5288,2026-12-25T16:32:45,A,575
1576,5289,2026-07-10T17:41:24,B,200
1577,5290,2026-07-18T10:24:33,C,619
1578,5291,2026-04-10T21:08:56,B,309
1579,5296,2025-08-10T08:40:10,C,1078
1580,5299,2026-03-29T19:31:05,B,773
1581,5307,2026-01-23T16:07:28,B,592
1582,5309,2025-07-04T20:29:14,A,774
1583,5310,2026-03-21T01:41:22,B,991
1584,5312,2026-11-05T05:52:24,B,365
1585,5314,2026-01-04T03:50:38,C,1049
1586,5315,2026-07-09T12:41:03,A,341
1587,5316,2026-03-09T07:34:46,C,982
1588,5321,2025-09-28T01:44:39,C,232
1589,5329,2026-06-17T16:01:32,B,404
1590,5333,2025-08-30T01:10:01,B,734
1591,5334,2025-12-12T07:05:55,B,78
1592,5336,2026-02-20T10:30:45,B,31
1593,5337,2025-11-26T14:02:46,C,773
1594,5341,2025-11-10T20:45:35,B,1032
1595,5342,2026-02-14T21:37:53,B,992
1596,5348,2025-09-17T17:24:00,C,997
1597,5361,2025-08-02T08:59:52,A,47
1598,5365,2026-05-23T22:54:49,B,133
1599,5368,2026-04-03T06:36:26,A,1087
1600,5373,2025-09-13T18:28:13,B,569
1601,5374,2026-03-06T07:59:40,A,962
1602,5375,2026-08-24T07:11:20,B,1191
1603,5382,2026-02-21T09:53:03,C,994
1604,5383,2026-10-22T18:47:53,A,967
1605,5386,2025-05-16T01:06:16,B,946
1606,5388,2025-07-08T07:59:16,A,448
1607,5399,2026-05-06T01:08:31,B,857
1608,5403,2026-08-06T07:06:01,B,968
1609,5404,2026-01-07T15:34:08,B,584
1610,5407,2026-01-20T17:51:47,B,521
1611,5414,2026-10-21T22:22:48,C,366
1612,5422,2025-07-01T06:53:40,B,230
1613,5424,2025-12-14T07:08:03,B,883
1614,5431,2026-06-06T03:14:54,B,558
1615,5432,2026-01-31T21:59:10,C,980
1616,5435,2025-11-17T02:20:23,C,737
1617,5440,2026-05-26T13:18:37,B,60
1618,5442,2026-09-03T09:48:24,A,221
1619,5444,2025-10-15T17:57:52,C,1197
1620,5449,2026-07-06T03:33:18,B,1091
1621,5452,2025-09-12T19:43:18,C,760
1622,5454,2025-10-04T11:00:52,B,985
1623,5455,2026-11-12T15:41:45,B,169
1624,5458,2026-06-25T13:14:18,C,110
1625,5461,2026-06-07T01:40:24,A,853
1626,5464,2026-09-16T21:53:18,A,1005
1627,5465,2026-06-21T17:08:38,B,392
1628,5470,2026-01-31T02:10:13,C,697
1629,5473,2026-02-17T06:30:00,A,998
1630,5475,2026-06-13T09:49:24,B,42
1631,5476,2025-12-05T09:16:32,A,783
1632,5478,2026-04-16T01:36:26,A,991
1633,5480,2025-12-17T01:56:41,A,29
1634,5483,2026-01-15T17:05:09,B,425
1635,5484,2025-12-01T00:39:21,A,773
1636,5486,2025-07-10T12:22:51,B,937
1637,5488,2025-08-08T01:08:09,B,237
1638,5493,2025-09-26T07:46:39,B,135
1639,5495,2025-02-12T08:34:10,B,1090
1640,5496,2026-01-31T11:37:52,C,242
1641,5507,2026-08-13T17:32:19,A,1127
1642,5517,2025-11-05T05:05:37,C,1104
1643,5518,2025-12-07T04:51:50,A,48
1644,5520,2026-10-27T13:38:36,B,446
1645,5521,2026-09-05T09:35:39,C,328
1646,5526,2025-12-04T23:22:29,B,222
1647,5527,2026-05-03T17:29:19,C,705
1648,5530,2026-02-19T03:57:50,A,947
1649,5531,2025-09-02T18:57:46,B,117
1650,5533,2025-11-25T22:53:50,B,234
1651,5534,2025-08-21T07:12:58,B,352
1652,5537,2025-09-18T20:00:27,B,243
1653,5539,2026-01-31T09:27:51,C,236
1654,5544,2026-03-04T21:30:15,C,986
1655,5545,2026-06-22T20:42:39,A,912
1656,5550,2025-04-17T20:44:55,C,703
1657,5553,2026-08-26T19:37:58,A,55
1658,5562,2025-07-07T21:08:19,C,528
1659,5563,2025-07-05T09:00:05,A,493
1660,5564,2026-07-25T12:23:52,B,352
1661,5570,2025-04-21T08:45:15,B,1189
1662,5577,2026-03-17T13:19:12,A,4
1663,5578,2026-03-21T19:46:04,B,812
1664,5584,2026-10-30T06:54:26,A,1156
1665,5585,2026-02-25T13:24:19,B,281
1666,5587,2026-06-19T13:43:27,B,1088
1667,5589,2026-01-14T15:50:26,B,163
1668,5592,2025-12-22T19:19:15,A,1102
1669,5594,2026-05-21T09:57:36,B,104
1670,5595,2026-04-15T18:42:47,B,803
1671,5598,2026-07-08T15:07:20,B,511
1672,5599,2026-04-11T09:47:20,A,757
1673,5600,2026-03-23T23:10:04,C,902
1674,5601,2026-03-28T07:59:59,A,560
1675,5604,2025-10-03T19:16:57,B,986
1676,5608,2026-04-14T17:43:43,B,311
1677,5610,2025-06-09T20:18:29,A,621
1678,5611,2025-07-27T14:54:00,A,491
1679,5614,2025-07-28T09:44:26,A,285
1680,5615,2026-03-01T08:23:43,B,616
1681,5616,2026-05-25T06:04:39,A,824
1682,5619,2026-12-15T05:26:39,C,1173
1683,5621,2025-09-27T02:53:41,C,474
1684,5623,2025-12-04T00:34:22,B,869
1685,5624,2026-08-07T02:43:16,B,302
1686,5629,2025-08-23T13:51:32,A,904
1687,5630,2026-07-06T05:58:57,B,1067
1688,5632,2026-06-22T09:30:28,A,656
1689,5633,2025-05-04T08:43:52,B,1016
1690,5635,2025-10-22T10:50:58,A,419
1691,5636,2026-08-08T00:52:01,A,212
1692,5639,2026-02-04T10:25:00,B,1068
1693,5640,2025-12-07T05:10:37,C,447
1694,5653,2026-05-06T01:41:15,C,901
1695,5654,2025-07-06T22:54:36,C,1037
1696,5659,2026-07-04T21:53:58,B,1001
1697,5662,2025-07-11T02:38:09,B,363
1698,5663,2026-07-09T01:30:26,C,666
1699,5667,2026-12-03T17:01:27,A,898
1700,5671,2026-09-12T03:37:21,B,224
1701,5675,2026-05-25T23:17:26,A,1130
1702,5678,2026-09-04T14:46:59,B,997
1703,5681,2025-08-29T09:20:06,B,1180
1704,5682,2025-05-04T13:56:22,B,737
1705,5683,2026-06-11T16:30:06,B,1200
1706,5685,2025-09-09T00:22:39,B,1105
1707,5686,2026-09-28T04:58:13,C,291
1708,5687,2026-02-28T01:37:50,C,664
1709,5689,2026-10-26T06:25:41,B,1187
1710,5692,2026-04-04T16:07:40,B,987
1711,5698,2025-10-17T01:45:38,B,80
1712,5702,2026-07-09T08:46:43,A,359
1713,5705,2026-06-17T03:28:45,A,802
1714,5706,2025-12-16T07:20:01,C,548
1715,5708,2025-07-23T16:29:43,C,1116
1716,5712,2025-05-18T06:24:49,C,1046
1717,5717,2025-06-07T08:05:14,B,46
1718,5718,2025-12-20T07:06:15,B,247
1719,5727,2025-11-09T06:27:42,C,27
1720,5729,2026-06-23T22:21:16,A,401
1721,5734,2025-07-06T14:07:36,B,1111
1722,5741,2026-05-14T17:49:17,B,1086
1723,5750,2025-09-06T16:54:31,C,346
1724,5751,2025-11-03T14:25:29,B,841
1725,5754,2025-11-30T17:10:30,A,1170
1726,5755,2025-12-31T02:05:33,B,381
1727,5758,2026-02-27T02:20:53,B,980
1728,5759,2026-08-31T20:29:10,B,801
1729,5765,2026-10-17T05:58:55,B,1135
1730,5766,2026-02-08T22:11:33,C,454
1731,5769,2025-04-25T19:51:43,B,694
1732,5771,2026-11-30T16:01:37,B,730
1733,5776,2025-11-06T17:47:15,A,46
1734,5778,2025-09-03T10:16:17,A,818
1735,5781,2025-10-26T18:47:14,A,995
1736,5784,2026-09-03T11:13:38,C,353
1737,5789,2026-11-11T14:06:46,C,234
1738,5792,2025-09-10T08:03:28,B,636
1739,5798,2025-12-27T07:15:52,B,1135
1740,5805,2025-12-12T09:29:55,B,1009
1741,5806,2026-02-23T02:01:36,B,111
1742,5807,2026-02-27T11:11:04,C,476
1743,5809,2026-03-18T06:04:30,C,266
1744,5811,2026-05-25T14:54:34,B,293
1745,5815,2025-07-05T10:32:17,C,1042
1746,5817,2025-06-14T20:05:43,B,16
1747,5826,2025-08-13T15:42:35,B,44
1748,5828,2025-09-06T03:12:00,C,103
1749,5830,2025-09-03T20:01:42,B,914
1750,5833,2026-07-15T17:47:27,B,1160
1751,5834,2025-12-20T09:22:56,C,1189
1752,5838,2025-11-04T07:17:31,B,518
1753,5841,2025-07-25T02:17:02,C,255
1754,5842,2026-06-08T21:59:53,A,621
1755,5845,2025-12-06T16:18:04,B,614
1756,5848,2026-04-03T10:57:23,B,827
1757,5850,2025-07-09T00:49:13,B,124
1758,5851,2025-07-14T11:52:54,C,1180
1759,5854,2025-06-09T12:57:21,B,867
1760,5861,2025-09-08T09:31:01,A,844
1761,5867,2025-12-07T21:50:43,A,654
1762,5869,2025-04-18T03:39:21,B,41
1763,5874,2025-11-10T05:30:31,C,797
1764,5879,2025-08-12T20:56:08,B,440
1765,5881,2025-07-01T07:45:26,A,539
1766,5893,2025-12-16T05:35:26,A,355
1767,5894,2025-12-16T05:22:48,B,140
1768,5896,2025-07-12T19:56:28,C,512
1769,5898,2026-09-14T19:03:23,B,993
1770,5899,2025-11-07T23:43:12,C,956
1771,5905,2025-12-03T04:12:02,C,364
1772,5910,2026-12-07T18:46:46,B,791
1773,5911,2026-08-06T19:38:38,B,700
1774,5914,2025-08-20T09:35:23,B,386
1775,5922,2025-06-21T23:11:55,C,627
1776,5931,2026-08-28T03:43:38,C,843
1777,5933,2026-01-04T05:29:25,A,641
1778,5936,2026-08-19T19:47:45,B,1073
1779,5942,2026-04-18T02:33:32,B,346
1780,5945,2025-07-23T15:43:11,A,1117
1781,5947,2026-02-24T05:16:32,B,242
1782,5951,2026-09-05T20:56:50,C,1152
1783,5955,2026-07-17T06:57:42,B,631
1784,5957,2026-04-04T12:49:05,A,464
1785,5958,2026-01-01T00:50:19,B,949
1786,5961,2026-07-16T12:43:16,C,301
1787,5963,2025-05-27T22:06:28,B,1145
1788,5965,2025-07-11T06:41:27,B,965
1789,5971,2026-06-06T17:29:03,B,134
1790,5973,2025-09-21T21:26:41,B,661
1791,5974,2025-09-07T15:41:59,A,492
1792,5975,2025-09-21T23:53:16,C,477
1793,5977,2026-08-11T23:29:31,C,531
1794,5980,2026-08-21T00:41:28,A,849
1795,5987,2025-12-18T23:06:46,A,721
1796,5990,2025-02-18T08:48:09,B,572
1797,5994,2026-04-20T21:56:13,B,1132
1798,5995,2026-05-08T18:26:16,A,959
1799,5996,2025-12-21T18:37:39,A,214
1800,5999,2026-07-24T11:54:32,A,1150
1801,6001,2025-04-17T23:14:19,B,364
1802,6005,2026-04-28T17:47:40,C,875
1803,6007,2025-07-29T08:52:46,C,90
1804,6009,2025-07-22T01:44:01,B,871
1805,6010,2025-10-07T18:03:02,C,788
1806,6017,2025-10-14T17:06:15,A,811
1807,6018,2025-05-06T04:54:04,A,30
1808,6020,2025-09-07T13:20:56,C,478
1809,6022,2026-10-19T06:06:08,C,914
1810,6023,2026-09-14T01:34:21,C,753
1811,6024,2025-11-17T22:37:34,B,152
1812,6027,2025-07-31T19:15:27,B,353
1813,6031,2026-04-22T23:55:11,A,839
1814,6039,2026-01-11T08:04:26,B,362
1815,6040,2026-01-04T10:07:18,B,400
1816,6047,2025-08-14T23:11:43,C,1010
1817,6048,2025-12-09T05:53:07,A,1028
1818,6051,2026-05-15T10:35:22,C,265
1819,6055,2025-06-22T00:11:46,A,33
1820,6056,2025-05-30T17:17:22,C,872
1821,6059,2026-06-19T01:59:39,C,996
1822,6064,2026-11-12T19:29:43,A,601
1823,6065,2026-09-29T22:15:26,B,676
1824,6067,2025-06-11T22:59:52,A,621
1825,6072,2026-03-24T22:43:11,B,1192
1826,6074,2026-01-11T06:28:28,B,575
1827,6075,2026-01-21T19:57:42,A,193
1828,6080,2025-05-25T07:46:37,A,44
1829,6086,2026-09-12T16:33:17,A,956
1830,6090,2026-05-08T11:43:57,C,1061
1831,6092,2026-05-02T23:21:45,B,891
1832,6096,2025-06-19T18:48:50,C,875
1833,6100,2026-09-15T07:22:39,A,666
1834,6101,2025-08-05T17:56:51,A,935
1835,6104,2025-06-16T05:30:07,B,887
1836,6109,2026-01-05T16:04:47,B,995
1837,6114,2026-12-07T00:26:49,B,431
1838,6115,2025-09-15T20:05:37,C,428
1839,6116,2026-04-09T16:22:36,C,672
1840,6118,2026-02-13T07:38:48,C,51
1841,6129,2025-09-04T20:16:10,C,573
1842,6130,2026-01-22T00:05:02,C,145
1843,6132,2026-05-28T02:50:56,C,977
1844,6133,2026-08-17T21:43:01,A,278
1845,6136,2026-03-19T13:43:43,A,939
1846,6137,2025-11-16T14:17:28,A,953
1847,6138,2026-04-15T23:27:08,B,1112
1848,6140,2026-03-29T17:20:33,C,787
1849,6141,2026-01-13T06:19:36,A,66
1850,6143,2025-12-18T19:31:50,A,548
1851,6152,2026-05-23T17:35:15,A,241
1852,6154,2026-01-17T21:14:08,A,191
1853,6158,2026-07-31T04:13:11,A,1036
1854,6164,2025-11-28T09:30:28,C,982
1855,6165,2025-10-01T03:01:51,C,26
1856,6168,2026-03-13T17:32:40,A,713
1857,6169,2025-07-06T04:44:18,A,989
1858,6170,2026-05-11T08:55:29,C,632
1859,6171,2026-02-27T13:33:37,B,165
1860,6173,2025-10-09T16:17:46,C,355
1861,6174,2026-01-22T07:27:02,A,282
1862,6180,2026-07-22T04:37:57,C,439
1863,6182,2025-07-12T04:47:20,C,905
1864,6185,2025-05-04T06:10:17,C,896
1865,6193,2026-03-29T04:11:34,C,1063
1866,6196,2026-11-26T03:26:54,C,407
1867,6201,2026-02-27T11:20:20,A,266
1868,6206,2026-07-28T12:53:17,A,647
1869,6209,2026-08-14T13:47:31,B,617
1870,6214,2026-05-05T04:15:00,C,109
1871,6223,2025-11-13T04:35:35,A,131
1872,6226,2026-08-09T06:26:07,A,325
1873,6234,2025-07-23T20:16:24,A,722
1874,6235,2026-08-02T14:30:50,C,622
1875,6237,2025-11-21T21:57:25,C,170
1876,6239,2026-08-31T08:29:28,A,858
1877,6242,2026-02-07T09:38:26,B,957
1878,6243,2026-08-10T13:06:18,A,1185
1879,6248,2025-11-07T02:38:44,A,8
1880,6250,2026-02-21T11:05:02,A,786
1881,6252,2026-05-05T11:12:11,C,82
1882,6256,2025-08-15T18:47:18,A,253
1883,6259,2025-08-11T03:59:39,C,503
1884,6263,2025-09-14T02:57:15,B,860
1885,6270,2025-06-28T14:57:02,A,1057
1886,6282,2026-05-06T08:31:30,C,1147
1887,6290,2026-01-27T05:05:10,C,781
1888,6294,2025-04-26T22:38:00,B,995
1889,6296,2026-03-06T16:33:30,A,1037
1890,6297,2025-10-30T16:37:01,A,923
1891,6299,2025-11-07T00:34:17,A,839
1892,6303,2026-04-02T13:07:19,C,330
1893,6304,2026-10-21T21:02:15,C,441
1894,6309,2026-08-26T22:56:58,A,745
1895,6310,2026-06-19T21:19:18,C,1168
1896,6312,2025-07-23T02:26:55,A,168
1897,6318,2025-03-29T23:49:57,B,192
1898,6323,2026-09-26T00:05:28,C,599
1899,6326,2025-08-27T11:23:55,B,428
1900,6330,2025-08-08T01:03:10,B,934
1901,6331,2025-10-28T10:20:10,A,61
1902,6335,2025-08-17T07:02:30,A,191
1903,6342,2026-07-25T01:28:40,A,575
1904,6354,2026-02-15T18:18:48,C,139
1905,6357,2026-05-30T00:10:31,C,861
1906,6360,2026-09-22T17:50:53,B,496
1907,6363,2025-12-08T00:55:46,C,900
1908,6368,2025-07-14T06:16:17,C,823
1909,6371,2026-01-21T23:32:11,A,598
1910,6372,2026-01-08T08:37:34,C,337
1911,6376,2026-10-11T08:49:43,B,13
1912,6378,2026-10-15T07:42:36,C,923
1913,6381,2026-01-01T15:40:31,A,741
1914,6384,2025-08-07T12:19:21,A,1184
1915,6385,2025-07-31T02:51:11,A,1065
1916,6388,2026-08-16T23:43:08,C,1105
1917,6390,2025-09-20T03:00:34,C,1135
1918,6391,2026-03-16T15:05:43,C,902
1919,6392,2026-08-28T03:53:09,B,736
1920,6396,2026-05-27T13:37:14,C,1141
1921,6397,2025-07-29T01:06:57,C,323
1922,6399,2025-12-05T17:18:14,C,608
1923,6400,2026-03-30T00:03:26,C,999
1924,6406,2026-05-20T23:24:27,B,384
1925,6409,2025-06-27T20:50:46,B,656
1926,6410,2026-06-12T19:37:12,B,801
1927,6413,2025-09-11T10:20:58,C,319
1928,6415,2026-04-14T20:00:32,C,610
1929,6417,2026-01-04T17:17:36,C,198
1930,6423,2026-10-20T19:42:20,B,509
1931,6428,2025-11-18T18:09:47,B,543
1932,6432,2026-04-01T22:12:21,B,824
1933,6436,2025-11-24T05:08:39,A,320
1934,6440,2026-08-31T04:31:53,C,910
1935,6445,2026-04-30T15:08:18,C,903
1936,6448,2026-02-09T22:42:40,C,1102
1937,6452,2025-06-12T21:50:38,C,418
1938,6454,2025-12-10T21:02:07,C,448
1939,6457,2026-08-27T21:02:31,A,1181
1940,6461,2026-09-27T22:40:08,C,920
1941,6462,2025-10-16T15:25:50,A,498
1942,6466,2025-04-02T02:47:30,C,126
1943,6467,2025-07-29T20:25:24,A,504
1944,6470,2026-03-18T07:38:32,A,876
1945,6472,2025-04-18T20:46:19,B,409
1946,6475,2025-09-07T13:14:46,B,91
1947,6476,2026-05-09T00:08:12,A,450
1948,6480,2025-11-15T13:24:08,B,867
1949,6488,2025-04-21T03:01:35,B,147
1950,6491,2026-08-25T01:58:06,A,738
1951,6493,2025-12-09T06:02:15,C,540
1952,6498,2026-02-22T04:51:18,B,317
1953,6502,2026-09-24T09:47:24,A,360
1954,6508,2026-01-06T14:06:16,C,1000
1955,6509,2025-12-11T03:00:51,C,978
1956,6516,2026-08-03T05:59:57,C,601
1957,6519,2025-07-13T06:37:57,C,1048
1958,6520,2026-09-19T00:00:13,C,937
1959,6522,2026-04-01T00:22:26,B,1028
1960,6523,2026-10-11T04:31:18,B,2
1961,6524,2025-12-26T09:02:29,B,338
1962,6529,2026-02-26T02:44:03,A,545
1963,6530,2025-08-17T20:42:40,C,966
1964,6533,2025-06-22T05:02:21,B,794
1965,6535,2026-06-15T01:28:20,C,945
1966,6536,2025-12-29T16:21:45,C,680
1967,6537,2026-08-16T14:22:50,C,507
1968,6545,2026-07-23T09:29:38,C,1028
1969,6551,2025-05-22T13:33:22,C,585
1970,6558,2025-12-09T22:44:31,C,514
1971,6560,2026-09-09T13:41:46,C,65
1972,6571,2026-06-08T01:56:16,A,455
1973,6573,2025-04-19T03:13:57,B,336
1974,6579,2026-10-06T10:59:06,A,944
1975,6581,2026-02-27T21:40:26,C,664
1976,6583,2025-08-01T00:02:10,A,1003
1977,6590,2026-09-09T09:57:56,C,275
1978,6591,2025-11-26T20:07:56,C,122
1979,6599,2026-01-15T20:46:14,A,922
1980,6611,2026-04-17T21:29:20,B,171
1981,6612,2025-12-19T02:41:52,A,175
1982,6618,2025-10-14T12:34:28,B,629
1983,6619,2026-09-25T15:16:16,C,78
1984,6621,2026-06-19T06:11:36,B,1164
1985,6625,2026-05-31T04:41:07,B,859
1986,6627,2025-11-16T03:19:14,B,774
1987,6637,2026-07-13T15:05:51,A,98
1988,6638,2026-04-22T08:02:03,A,916
1989,6647,2025-05-02T21:39:50,C,875
1990,6650,2025-09-12T20:24:48,B,732
1991,6653,2026-07-03T22:05:51,B,19
1992,6654,2026-12-04T20:22:14,A,559
1993,6662,2025-11-14T02:52:34,A,285
1994,6668,2026-06-24T20:44:44,A,736
1995,6675,2026-06-18T03:22:32,B,434
1996,6679,2025-12-03T20:32:14,B,44
1997,6681,2025-10-30T14:02:46,A,478
1998,6682,2026-01-20T15:48:20,C,1200
1999,6685,2026-07-25T01:28:04,C,406
2000,6691,2025-11-16T05:02:42,B,1056
2001,6693,2026-12-22T04:22:09,C,649
2002,6697,2026-03-28T04:16:54,C,1051
2003,6699,2026-04-29T12:06:21,A,206
2004,6701,2025-07-22T10:23:14,A,113
2005,6705,2026-05-04T22:51:29,B,242
2006,6706,2026-05-31T11:45:25,B,816
2007,6709,2025-10-25T15:58:42,A,1063
2008,6711,2025-07-14T10:31:26,A,1172
2009,6721,2026-03-09T13:15:19,C,171
2010,6722,2025-07-01T14:46:05,C,584
2011,6723,2025-11-28T01:57:00,C,1117
2012,6731,2026-05-14T21:26:38,C,927
2013,6735,2025-08-11T18:29:00,A,790
2014,6738,2025-12-12T11:32:18,A,602
2015,6740,2025-06-28T16:19:04,C,1197
2016,6752,2025-09-08T07:44:27,B,875
2017,6758,2025-10-02T03:18:04,B,532
2018,6759,2026-08-18T21:42:00,C,436
2019,6765,2025-08-08T09:26:45,B,90
2020,6766,2025-06-05T09:19:38,B,299
2021,6768,2026-03-25T18:20:22,B,414
2022,6770,2026-06-21T14:48:43,C,731
2023,6773,2026-02-19T16:02:52,A,1154
2024,6775,2026-09-06T12:30:18,A,814
2025,6776,2025-09-14T23:37:06,A,879
2026,6777,2026-07-24T06:11:35,A,1085
2027,6782,2025-05-22T12:19:58,C,153
2028,6783,2026-03-06T08:09:46,C,671
2029,6784,2026-06-26T08:39:20,A,36
2030,6785,2025-12-11T17:00:21,C,36
2031,6788,2026-04-04T09:12:54,B,903
2032,6790,2026-04-09T18:41:15,C,881
2033,6791,2026-08-25T11:44:52,C,373
2034,6792,2025-10-01T16:58:40,A,29
2035,6794,2026-05-06T05:30:13,B,393
2036,6795,2026-01-18T14:05:14,A,1076
2037,6798,2025-10-30T06:50:16,A,452
2038,6815,2025-11-06T04:12:49,B,970
2039,6821,2026-04-07T02:03:34,A,602
2040,6830,2025-07-02T14:18:39,C,1041
2041,6833,2026-07-09T23:21:23,A,610
2042,6835,2026-04-30T04:24:14,B,503
2043,6837,2026-06-27T15:42:26,C,1081
2044,6841,2026-01-03T09:32:38,A,524
2045,6853,2026-01-09T18:06:21,C,227
2046,6859,2025-05-27T14:06:03,B,613
2047,6870,2025-11-10T14:44:55,C,193
2048,6880,2025-12-24T23:19:41,A,5
2049,6881,2025-04-29T11:33:31,A,1125
2050,6886,2025-11-01T20:33:42,B,994
2051,6891,2026-04-06T01:23:36,A,633
2052,6893,2026-01-13T21:29:47,C,302
2053,6899,2025-08-18T05:37:09,A,61
2054,6902,2026-08-15T04:49:26,B,12
2055,6907,2025-08-10T12:40:10,B,25
2056,6913,2026-07-06T00:41:57,B,321
2057,6916,2025-11-02T05:14:42,B,660
2058,6917,2025-03-01T10:53:10,B,112
2059,6923,2025-09-15T16:00:42,A,440
2060,6924,2026-07-15T09:37:59,A,754
2061,6928,2026-03-21T06:20:54,C,755
2062,6929,2025-12-24T07:52:36,A,1086
2063,6930,2026-05-01T13:00:21,A,1099
2064,6931,2025-10-07T02:40:20,A,46
2065,6937,2026-07-13T02:36:32,A,981
2066,6942,2026-05-18T14:18:09,C,751
2067,6946,2026-06-03T10:58:32,C,821
2068,6948,2026-06-22T07:48:26,C,136
2069,6961,2025-10-24T18:45:21,A,733
2070,6962,2025-12-20T09:05:46,A,523
2071,6969,2026-02-21T06:11:51,B,891
2072,6970,2026-08-13T15:45:33,B,205
2073,6977,2025-04-04T11:50:34,C,1096
2074,6981,2025-09-10T16:14:57,B,333
2075,6983,2025-12-20T21:25:10,A,545
2076,6984,2026-09-24T21:10:38,B,897
2077,6986,2026-06-01T12:50:29,A,1138
2078,6992,2026-11-22T20:22:29,C,205
2079,7007,2026-08-10T05:34:03,C,475
2080,7008,2026-02-26T10:44:23,B,1197
2081,7010,2025-12-04T15:32:04,C,392
2082,7012,2026-04-01T18:47:22,C,482
2083,7017,2026-03-26T07:38:54,B,702
2084,7021,2025-09-08T08:48:14,C,844
2085,7024,2025-12-10T01:10:25,A,697
2086,7026,2026-03-01T21:57:33,B,366
2087,7027,2026-06-17T17:31:07,B,781
2088,7032,2025-07-29T10:16:07,B,737
2089,7033,2025-09-18T02:13:06,C,68
2090,7040,2026-03-14T06:41:28,B,397
2091,7042,2025-07-20T20:20:46,C,1059
2092,7043,2026-07-06T23:36:13,B,3
2093,7045,2026-03-24T04:19:24,B,816
2094,7046,2026-08-12T10:12:31,B,765
2095,7052,2026-04-29T05:58:39,B,100
2096,7063,2025-08-14T11:10:19,A,1183
2097,7067,2025-10-02T16:16:27,C,1055
2098,7069,2025-11-15T15:58:25,C,41
2099,7072,2026-04-20T19:07:06,B,208
2100,7079,2026-03-06T12:55:15,B,1021
2101,7080,2026-05-25T02:59:38,C,916
2102,7082,2026-03-24T15:58:43,A,782
2103,7086,2026-08-18T17:06:58,B,1056
2104,7089,2026-03-11T07:35:22,A,943
2105,7090,2026-05-04T20:38:24,B,1046
2106,7092,2025-10-07T04:19:47,A,148
2107,7095,2026-10-11T23:54:04,A,1047
2108,7103,2026-04-27T16:13:59,C,489
2109,7105,2026-07-30T22:39:40,B,1022
2110,7106,2026-04-14T13:09:19,B,300
2111,7113,2025-03-28T17:19:58,A,1020
2112,7115,2025-10-20T12:27:13,B,757
2113,7116,2025-03-12T14:07:35,A,601
2114,7119,2026-07-08T13:18:50,B,1124
2115,7124,2026-05-15T12:18:00,C,411
2116,7125,2026-07-21T22:30:43,B,209
2117,7128,2025-07-14T17:36:17,B,555
2118,7129,2025-08-11T20:27:22,A,581
2119,7131,2026-08-06T00:31:24,B,970
2120,7133,2025-09-08T01:42:55,C,329
2121,7134,2026-09-29T21:58:47,A,1149
2122,7138,2025-08-28T08:17:03,C,839
2123,7140,2026-05-18T02:34:54,B,126
2124,7144,2025-12-04T09:56:39,C,543
2125,7145,2026-01-12T04:47:53,A,722
2126,7152,2026-02-12T10:09:34,A,482
2127,7153,2026-07-03T08:52:51,A,621
2128,7155,2026-08-24T21:30:51,B,430
2129,7160,2026-07-09T07:11:17,C,470
2130,7161,2025-08-23T09:53:46,B,922
2131,7170,2026-02-22T21:10:37,C,629
2132,7171,2026-06-09T04:16:44,C,354
2133,7172,2026-02-16T11:10:25,A,506
2134,7174,2026-05-23T15:46:42,B,208
2135,7180,2025-09-06T13:53:45,A,262
2136,7181,2025-06-23T22:35:22,C,1070
2137,7182,2026-01-21T14:12:30,A,671
2138,7185,2025-09-17T08:17:38,B,302
2139,7195,2026-07-05T00:04:37,C,659
2140,7198,2026-02-02T18:12:08,A,78
2141,7205,2025-10-23T01:21:24,B,611
2142,7208,2026-10-08T17:34:20,C,837
2143,7209,2025-04-16T12:47:06,C,978
2144,7210,2025-08-12T21:22:42,C,743
2145,7211,2026-05-22T01:33:17,A,404
2146,7212,2025-07-20T02:27:54,A,961
2147,7213,2026-03-07T22:50:31,A,355
2148,7216,2026-03-11T12:09:43,C,532
2149,7225,2026-04-20T01:09:16,B,105
2150,7228,2025-09-25T05:07:48,A,1022
2151,7230,2025-07-30T07:19:15,A,577
2152,7231,2026-06-01T04:48:58,C,428
2153,7232,2025-10-30T14:00:47,A,593
2154,7233,2026-09-05T08:05:03,C,145
2155,7237,2025-06-26T20:58:13,B,321
2156,7238,2025-05-21T11:31:36,C,262
2157,7239,2025-12-08T01:05:43,A,1184
2158,7241,2025-07-06T14:13:20,A,15
2159,7242,2025-12-24T08:00:33,B,711
2160,7249,2025-06-06T13:39:19,A,1186
2161,7250,2025-07-31T14:27:18,A,144
2162,7254,2025-06-11T11:00:00,A,302
2163,7258,2025-11-04T12:09:40,B,1184
2164,7259,2026-01-26T04:21:43,C,171
2165,7267,2026-01-21T11:06:46,C,656
2166,7270,2025-04-20T04:51:33,A,1005
2167,7272,2026-03-12T11:59:10,C,212
2168,7273,2026-04-09T14:34:00,A,519
2169,7281,2026-07-07T23:54:49,C,1109
2170,7285,2026-01-13T19:13:44,A,909
2171,7287,2026-12-16T10:51:42,C,276
2172,7293,2025-06-11T18:18:07,B,863
2173,7295,2025-03-28T02:05:01,A,681
2174,7300,2026-02-14T14:20:45,B,741
2175,7301,2026-04-23T23:02:10,C,1073
2176,7303,2026-05-30T11:05:10,C,537
2177,7310,2026-02-09T19:25:47,C,649
2178,7311,2026-05-15T11:18:57,C,432
2179,7315,2026-10-25T23:00:52,A,1046
2180,7316,2026-09-06T00:23:06,B,929
2181,7317,2026-01-26T15:36:05,C,973
2182,7320,2026-02-09T17:37:37,C,417
2183,7322,2026-04-26T11:38:20,B,456
2184,7325,2025-10-13T16:05:07,B,177
2185,7330,2025-07-04T12:39:04,C,715
2186,7334,2025-08-15T11:12:06,B,626
2187,7336,2026-06-01T04:14:23,B,337
2188,7342,2025-11-23T14:06:17,A,314
2189,7343,2026-08-20T20:36:01,C,380
2190,7349,2025-09-29T07:05:56,B,760
2191,7351,2026-01-21T22:31:52,C,561
2192,7352,2026-08-22T08:13:55,A,491
2193,7355,2025-06-03T23:12:48,B,1102
2194,7358,2026-03-20T15:51:23,B,657
2195,7360,2025-11-28T08:36:36,A,735
2196,7362,2026-08-21T02:06:47,A,993
2197,7364,2025-05-06T14:52:11,C,584
2198,7366,2026-01-05T14:01:09,B,890
2199,7368,2026-08-01T20:07:14,B,153
2200,7371,2026-02-22T21:29:14,A,477
2201,7378,2025-06-06T20:33:38,C,412
2202,7389,2026-08-06T11:49:30,C,728
2203,7390,2025-04-10T01:48:30,C,312
2204,7391,2026-02-21T14:01:27,C,1075
2205,7395,2026-10-06T20:50:55,C,126
2206,7400,2026-07-15T12:40:03,B,282
2207,7405,2026-05-04T12:34:28,C,801
2208,7407,2026-06-12T06:38:33,B,496
2209,7408,2025-04-16T04:33:30,A,664
2210,7418,2025-07-31T10:29:20,A,230
2211,7421,2026-06-13T07:25:41,A,158
2212,7423,2026-07-22T00:13:52,A,661
2213,7430,2025-11-23T08:42:42,C,70
2214,7431,2025-09-23T11:05:09,B,579
2215,7441,2026-02-19T23:15:11,B,848
2216,7442,2025-11-09T14:44:06,A,717
2217,7445,2026-03-16T13:28:27,A,263
2218,7446,2026-04-22T14:06:07,C,998
2219,7450,2025-07-09T12:40:17,B,563
2220,7454,2025-12-17T18:17:14,C,28
2221,7457,2025-04-26T09:57:41,A,721
2222,7459,2025-10-06T17:18:51,C,476
2223,7461,2025-05-07T06:20:21,C,583
2224,7465,2026-06-18T20:18:02,B,261
2225,7467,2026-05-25T16:23:15,C,1188
2226,7468,2026-04-15T08:01:28,B,30
2227,7469,2025-07-12T23:51:04,A,368
2228,7471,2025-06-29T14:29:08,C,92
2229,7476,2026-04-03T02:21:12,C,243
2230,7478,2026-05-19T08:18:21,C,233
2231,7480,2025-11-24T14:00:41,C,778
2232,7482,2025-08-05T07:36:18,A,596
2233,7486,2025-08-22T23:34:57,A,468
2234,7489,2025-03-21T20:53:13,C,131
2235,7493,2025-12-08T13:41:33,B,182
2236,7494,2026-07-11T16:40:20,B,677
2237,7507,2025-11-03T21:11:29,B,618
2238,7511,2026-01-05T17:57:05,C,947
2239,7518,2025-11-25T16:15:07,C,265
2240,7520,2025-11-05T11:39:07,C,580
2241,7521,2025-09-16T15:26:07,A,1174
2242,7524,2026-05-27T20:48:57,A,375
2243,7532,2026-07-25T14:52:58,A,937
2244,7541,2025-04-20T10:57:06,C,883
2245,7545,2025-12-26T05:20:32,A,986
2246,7548,2026-01-24T06:56:07,C,172
2247,7554,2026-04-11T03:18:57,A,678
2248,7562,2026-08-21T18:04:52,B,976
2249,7563,2025-08-18T14:37:09,C,28
2250,7564,2025-11-15T01:41:21,C,707
2251,7566,2026-01-25T18:54:35,B,971
2252,7568,2026-04-28T18:18:20,B,314
2253,7572,2025-07-12T07:09:18,A,292
2254,7581,2026-06-15T10:21:28,B,419
2255,7585,2025-11-13T19:40:34,C,1003
2256,7595,2026-06-03T20:36:33,B,450
2257,7605,2025-11-12T01:35:29,B,1037
2258,7606,2025-09-13T16:09:12,C,87
2259,7607,2025-10-17T20:33:19,B,32
2260,7611,2025-05-12T04:48:13,A,602
2261,7612,2025-07-14T01:34:43,B,1052
2262,7615,2026-04-02T20:40:35,B,954
2263,7617,2025-08-29T11:55:51,B,674
2264,7619,2026-11-03T09:37:07,A,359
2265,7621,2026-08-03T22:02:52,B,876
2266,7622,2025-04-24T04:02:14,A,11
2267,7626,2026-10-01T21:35:32,C,1012
2268,7627,2026-06-22T20:13:41,C,20
2269,7628,2026-05-02T06:25:29,B,210
2270,7638,2026-08-12T02:50:49,A,496
2271,7644,2026-01-31T00:41:00,B,673
2272,7646,2025-11-22T12:06:27,C,662
2273,7649,2025-03-28T17:45:36,A,49
2274,7655,2025-06-16T10:02:44,A,568
2275,7657,2026-04-02T07:36:58,A,635
2276,7660,2025-09-21T22:48:59,B,83
2277,7669,2025-12-16T19:54:16,C,609
2278,7675,2026-04-30T11:56:52,C,694
2279,7679,2026-01-31T20:20:43,A,724
2280,7681,2026-04-20T03:57:22,A,543
2281,7684,2026-10-17T07:07:18,A,681
2282,7690,2025-12-01T12:30:29,B,23
2283,7691,2026-02-18T16:55:49,C,753
2284,7699,2026-06-03T14:46:16,A,774
2285,7702,2026-05-22T02:45:58,B,242
2286,7703,2026-06-27T05:01:07,B,1124
2287,7704,2026-06-08T23:55:25,A,1048
2288,7707,2025-12-11T22:23:38,B,711
2289,7708,2025-10-03T22:50:40,C,354
2290,7709,2025-12-06T02:03:05,B,12
2291,7711,2025-07-25T20:31:21,A,342
2292,7713,2025-11-01T12:21:53,A,1024
2293,7714,2026-06-22T16:13:28,B,222
2294,7715,2025-08-30T11:17:34,A,543
2295,7717,2026-08-05T23:06:02,A,569
2296,7719,2025-12-10T13:51:10,A,1042
2297,7724,2025-10-18T07:02:26,B,464
2298,7726,2026-01-19T19:24:31,B,71
2299,7734,2026-08-11T10:46:53,C,331
2300,7740,2025-08-23T16:24:59,C,892
2301,7742,2026-04-16T20:10:54,C,79
2302,7744,2025-08-21T15:26:40,A,1092
2303,7745,2025-10-19T17:20:54,A,145
2304,7746,2026-05-11T05:28:11,B,987
2305,7752,2026-05-15T13:25:04,A,947
2306,7753,2026-04-21T20:06:45,B,61
2307,7757,2025-08-30T16:22:31,C,844
2308,7762,2026-11-08T02:30:01,B,1139
2309,7764,2025-12-22T11:56:58,B,332
2310,7765,2026-02-07T05:36:36,C,431
2311,7769,2025-12-20T03:36:15,B,532
2312,7771,2026-03-22T23:27:09,A,1026
2313,7774,2026-07-05T08:28:20,A,398
2314,7780,2025-12-08T09:14:05,B,611
2315,7782,2026-04-10T17:56:20,A,1124
2316,7785,2026-09-21T13:42:50,A,25
2317,7789,2025-10-16T14:41:20,B,1045
2318,7793,2026-04-21T03:26:05,A,966
2319,7795,2026-04-28T09:26:50,C,215
2320,7796,2026-09-29T12:07:30,C,574
2321,7801,2026-04-03T22:13:19,A,177
2322,7803,2025-09-14T14:08:07,C,895
2323,7807,2026-04-29T10:11:04,A,87
2324,7808,2026-07-27T13:19:08,C,844
2325,7809,2026-03-01T02:00:14,A,1012
2326,7810,2026-01-15T05:09:34,B,951
2327,7822,2025-11-29T10:11:24,B,604
2328,7829,2026-01-10T11:30:44,A,382
2329,7832,2025-09-05T19:01:36,B,755
2330,7834,2026-01-04T23:39:14,B,566
2331,7839,2026-01-02T16:51:28,A,226
2332,7842,2026-04-30T06:30:05,C,322
2333,7843,2025-08-20T15:06:04,C,1061
2334,7847,2026-10-14T09:43:16,A,699
2335,7849,2025-12-22T18:46:41,B,146
2336,7850,2026-05-05T16:09:18,C,1131
2337,7859,2026-08-24T02:52:28,A,936
2338,7860,2025-11-24T09:11:56,C,959
2339,7864,2026-02-14T22:48:14,B,147
2340,7865,2025-07-17T20:12:18,C,820
2341,7870,2026-09-06T07:46:18,B,581
2342,7873,2026-08-01T21:51:40,C,1195
2343,7876,2026-06-07T07:06:07,B,232
2344,7877,2026-03-27T03:21:48,C,715
2345,7878,2026-05-05T11:17:48,C,36
2346,7880,2026-10-07T02:26:46,B,1198
2347,7883,2025-12-12T03:50:14,B,301
2348,7886,2025-05-04T17:51:54,B,304
2349,7892,2026-11-04T12:12:38,C,1149
2350,7895,2025-08-23T17:06:23,A,1105
2351,7897,2025-11-26T21:23:49,B,587
2352,7899,2026-10-04T04:39:58,A,549
2353,7900,2025-08-05T04:29:42,A,637
2354,7904,2025-07-20T10:39:31,A,332
2355,7906,2026-08-05T07:24:15,B,162
2356,7911,2026-04-18T15:09:21,B,240
2357,7914,2026-01-01T12:25:26,C,894
2358,7917,2026-10-13T00:29:53,A,704
2359,7918,2025-08-15T14:30:10,B,166
2360,7923,2026-09-10T22:20:05,B,465
2361,7924,2025-09-28T23:34:59,C,556
2362,7931,2026-08-06T04:33:38,C,824
2363,7932,2025-04-12T11:40:30,A,741
2364,7934,2026-02-27T10:50:59,B,341
2365,7940,2025-07-16T18:46:28,B,740
2366,7942,2026-05-15T23:41:27,A,569
2367,7943,2026-05-06T16:15:18,A,664
2368,7948,2025-09-20T18:14:56,A,1148
2369,7949,2025-03-04T12:25:31,B,1129
2370,7957,2025-10-26T13:56:10,B,579
2371,7961,2026-04-28T20:35:52,B,14
2372,7965,2025-10-03T05:52:32,B,567
2373,7966,2025-05-16T19:21:09,A,614
2374,7972,2026-09-03T03:22:31,C,41
2375,7974,2026-05-17T05:00:39,A,1063
2376,7976,2026-07-29T14:37:33,A,774
2377,7977,2026-06-28T18:05:18,B,1108
2378,7980,2026-05-17T15:59:17,B,771
2379,7981,2026-08-16T21:51:17,C,40
2380,7982,2026-07-22T20:33:14,A,1193
2381,7986,2026-05-07T12:44:07,A,454
2382,7987,2025-11-12T12:02:03,A,501
2383,7988,2026-04-21T17:20:24,B,1151
2384,7989,2025-06-14T03:14:21,C,1055
2385,7991,2026-05-24T04:18:49,B,650
2386,7992,2026-03-28T22:06:57,B,285
2387,7995,2026-09-08T14:24:06,C,874
2388,7997,2026-03-22T04:58:51,A,545
2389,8000,2026-04-26T07:57:36,C,234
