EmployeeID,DistrictID,UnitID,RankID,DesignationID,KGID,FirstName,EmployeeDOB,GenderID,BloodGroupID,PhysicallyChallenged,AppointmentDate
1,451,55,1,1,KGID100001,Daksh,1968-05-10,1,4,0,2008-02-09
2,447,30,9,2,KGID100002,Isaac,1972-04-01,1,7,0,2003-12-20
3,447,29,5,1,KGID100003,Chameli,1987-08-02,2,3,0,2002-04-09
4,456,90,6,3,KGID100004,Charita,1974-12-10,2,3,0,2013-08-20
5,447,28,2,1,KGID100005,Amara,1986-08-04,2,7,0,2018-09-09
6,444,13,6,3,KGID100006,Ubika,1975-01-01,2,1,0,2015-08-25
7,457,94,9,1,KGID100007,Aarini,1993-04-22,2,7,0,2005-05-04
8,444,11,6,2,KGID100008,Udyati,1979-01-28,2,2,0,2005-03-28
9,443,6,5,1,KGID100009,Om,1970-12-25,1,4,0,2010-08-17
10,444,13,5,4,KGID100010,Rachita,1996-04-28,2,6,0,2015-12-30
11,446,21,6,2,KGID100011,Anya,1992-04-26,2,5,0,2014-05-18
12,456,90,3,2,KGID100012,Ranbir,1970-03-09,1,3,0,2008-07-17
13,452,60,5,2,KGID100013,Radhika,1987-02-20,2,6,0,2018-06-01
14,443,8,1,3,KGID100014,Arin,1989-12-28,1,7,0,2020-01-22
15,448,35,4,3,KGID100015,Balveer,1996-08-03,1,4,0,2022-04-20
16,455,84,7,4,KGID100016,Sachi,1976-12-16,2,3,0,2016-10-05
17,448,34,4,3,KGID100017,Qabil,1973-01-14,1,7,0,2010-01-12
18,454,75,6,2,KGID100018,Lila,1991-05-15,2,3,0,2017-11-29
19,453,66,2,1,KGID100019,Bimala,1988-03-20,2,2,0,2005-08-13
20,446,20,7,1,KGID100020,Jason,1973-01-23,1,7,0,2010-08-12
21,451,49,9,3,KGID100021,Januja,1990-10-14,2,1,0,2021-09-25
22,456,88,9,3,KGID100022,Ayaan,1975-04-18,1,6,0,2002-04-12
23,445,15,7,2,KGID100023,Nisha,1981-02-23,2,8,0,2003-02-05
24,443,1,9,2,KGID100024,Nisha,1974-09-26,2,2,0,2013-06-27
25,455,81,9,2,KGID100025,Vasudha,1972-05-13,2,3,0,2004-11-09
26,451,48,9,1,KGID100026,Karan,1992-11-27,1,6,0,2011-10-16
27,453,63,2,3,KGID100027,Ryan,1979-10-25,1,5,0,2025-06-10
28,447,31,4,1,KGID100028,Ekapad,1984-10-30,1,2,0,2003-09-09
29,457,94,2,2,KGID100029,Arunima,1996-10-14,2,3,0,2005-03-05
30,455,85,9,2,KGID100030,Gauri,1994-06-09,2,5,0,2011-08-22
31,453,68,4,2,KGID100031,Bhavika,1980-08-03,2,5,0,2015-10-22
32,451,52,8,4,KGID100032,Vinaya,1985-07-01,2,2,0,2024-10-23
33,447,32,2,3,KGID100033,Abdul,1990-08-21,1,1,0,2004-04-04
34,454,76,4,1,KGID100034,Kiaan,1993-08-22,1,2,0,2009-09-02
35,457,91,4,1,KGID100035,Manan,1982-04-16,1,1,0,2012-05-24
36,450,43,9,2,KGID100036,Karan,2000-07-20,1,5,0,2019-10-17
37,455,86,4,2,KGID100037,Yashica,1998-07-15,2,8,0,2022-05-26
38,447,32,7,2,KGID100038,Neha,1996-02-15,2,2,0,2013-09-09
39,444,13,6,4,KGID100039,Ira,1972-09-14,2,7,0,2019-10-22
40,452,60,2,1,KGID100040,Aadi,1987-11-15,1,7,0,2013-03-26
41,457,94,2,2,KGID100041,Dayita,1999-02-05,2,4,0,2022-08-05
42,446,25,3,4,KGID100042,Nikita,1975-08-25,2,3,0,2007-04-16
43,448,36,4,1,KGID100043,Chaaya,1970-06-02,2,8,0,2013-03-03
44,454,71,1,1,KGID100044,Bakhshi,2000-10-04,1,2,0,2014-04-17
45,457,97,3,4,KGID100045,Dev,1971-11-15,1,8,0,2012-11-29
46,453,62,7,1,KGID100046,Fitan,1976-07-08,1,3,0,2022-06-11
47,451,49,7,3,KGID100047,Siddharth,2000-04-18,1,8,0,2023-10-19
48,448,37,9,4,KGID100048,Irya,1991-10-01,2,3,0,2011-01-31
49,446,25,4,1,KGID100049,Ridhi,1982-05-27,2,1,0,2013-12-05
50,457,96,1,1,KGID100050,Dipta,1975-12-08,2,8,0,2003-01-17
51,453,65,1,1,KGID100051,Advaith,1987-07-06,1,3,0,2007-01-11
52,443,9,4,4,KGID100052,Imaran,1967-10-02,1,2,0,2018-06-30
53,454,73,1,1,KGID100053,Ayushman,1975-04-17,1,7,0,2023-03-28
54,455,85,5,2,KGID100054,Oni,1969-11-30,2,6,0,2007-03-22
55,447,31,7,2,KGID100055,Watika,1974-10-16,2,5,0,2004-09-06
56,452,59,2,1,KGID100056,Vritti,1975-10-08,2,8,0,2012-11-09
57,455,80,2,2,KGID100057,Samar,1973-12-24,1,5,0,2003-11-01
58,445,17,2,2,KGID100058,Upasna,1979-07-22,2,6,0,2011-05-17
59,448,37,8,3,KGID100059,Avi,1990-05-27,1,1,0,2025-02-15
60,455,86,2,2,KGID100060,Chavvi,1969-07-26,2,5,0,2018-12-25
61,445,15,9,2,KGID100061,Chatura,1975-12-18,1,5,0,2006-01-27
62,448,37,6,2,KGID100062,Udarsh,1972-04-09,1,5,0,2005-11-29
63,453,65,5,1,KGID100063,Vedhika,1976-01-01,2,2,0,2023-08-31
64,455,82,5,1,KGID100064,Vaishnavi,1994-12-24,2,1,0,2022-01-18
65,450,43,5,2,KGID100065,Chandran,1969-03-24,1,8,0,2025-06-27
66,454,71,9,1,KGID100066,Advika,2000-06-14,2,2,0,2023-09-27
67,444,10,9,1,KGID100067,Jagat,1973-02-28,1,6,0,2013-02-28
68,454,75,7,2,KGID100068,Hredhaan,1996-11-27,1,1,0,2023-03-01
69,449,40,1,3,KGID100069,Gayathri,1980-05-23,2,4,0,2025-02-25
70,456,88,2,3,KGID100070,Kevin,1999-01-04,1,7,0,2020-05-07
71,455,80,4,2,KGID100071,Luke,1981-11-21,1,3,0,2024-06-24
72,451,53,3,3,KGID100072,Yagnesh,1972-10-08,1,7,0,2008-08-17
73,455,86,5,2,KGID100073,Ayush,1987-03-14,1,2,0,2014-07-09
74,451,49,8,2,KGID100074,Naksh,1969-06-13,1,4,0,2015-07-12
75,452,59,5,2,KGID100075,Yashasvi,1998-10-07,2,4,0,2014-04-03
76,443,4,7,3,KGID100076,Ayush,2000-03-04,1,5,0,2003-06-07
77,443,9,6,4,KGID100077,Idika,1969-11-01,2,6,0,2003-02-20
78,443,4,5,2,KGID100078,Jacob,1981-03-27,1,5,0,2024-02-08
79,443,5,7,3,KGID100079,Jatin,1987-03-11,1,6,0,2002-06-18
80,451,56,7,2,KGID100080,Banjeet,1981-10-05,1,5,0,2015-07-07
81,443,6,1,2,KGID100081,Yutika,1978-04-06,2,6,0,2007-10-07
82,451,56,6,3,KGID100082,Naksh,1975-08-16,1,2,0,2011-01-03
83,457,93,9,3,KGID100083,Netra,1983-01-20,2,7,0,2023-10-20
84,449,42,5,2,KGID100084,Bina,1967-10-28,2,4,0,2016-05-31
85,451,54,3,3,KGID100085,Daksha,1969-12-30,2,7,0,2006-08-16
86,454,71,5,3,KGID100086,Kevin,1972-01-04,1,4,0,2009-11-19
87,451,56,8,4,KGID100087,Bhavya,1997-05-27,2,8,0,2010-05-17
88,456,87,9,4,KGID100088,Farhan,1982-05-28,1,3,0,2014-07-18
89,455,85,5,3,KGID100089,Matthew,1988-04-21,1,2,0,2025-03-14
90,457,97,5,2,KGID100090,Aayush,1990-03-20,1,4,0,2014-10-26
91,446,19,1,2,KGID100091,Charles,1999-06-07,1,8,0,2004-09-24
92,455,79,8,4,KGID100092,Dalbir,1997-10-04,1,4,0,2019-04-29
93,457,92,8,4,KGID100093,Garima,1976-10-07,2,4,0,2016-01-09
94,446,19,2,4,KGID100094,Onveer,1974-06-06,1,4,0,2016-09-23
95,446,23,1,2,KGID100095,Libni,1984-09-09,2,2,0,2007-07-15
96,452,59,8,3,KGID100096,Atharv,1970-08-24,1,8,0,2011-09-03
97,455,79,9,4,KGID100097,Manya,1969-01-02,2,3,0,2009-07-06
98,457,96,8,3,KGID100098,Eiravati,1989-03-03,2,4,0,2007-10-18
99,455,82,9,4,KGID100099,Vaishnavi,1986-04-07,2,4,0,2011-10-09
100,448,36,2,3,KGID100100,Aarna,1971-04-24,2,4,0,2024-03-09
101,448,35,6,1,KGID100101,Falguni,1986-01-21,2,3,0,2021-07-15
102,446,20,7,2,KGID100102,Ethan,1982-02-13,1,4,0,2002-07-06
103,443,9,7,3,KGID100103,Rajata,1998-01-27,2,8,0,2020-08-12
104,451,54,4,4,KGID100104,Anmol,1998-01-26,1,7,0,2006-07-20
105,454,75,7,4,KGID100105,Jeet,1990-03-08,1,1,0,2009-12-29
106,450,46,7,4,KGID100106,Tanvi,2000-08-14,2,4,0,2019-06-30
107,453,63,5,4,KGID100107,Jagat,1996-11-26,1,8,0,2024-12-07
108,443,4,6,4,KGID100108,Hema,1997-06-23,2,3,0,2002-02-07
109,452,60,9,1,KGID100109,Ojas,1994-02-09,1,7,0,2011-05-22
110,454,76,2,4,KGID100110,Jeet,1976-07-30,1,3,0,2020-05-27
111,452,60,1,3,KGID100111,Chatura,1980-07-06,1,7,0,2002-06-09
112,449,42,8,3,KGID100112,Wahab,1975-01-26,1,6,0,2021-02-07
113,457,98,5,4,KGID100113,Veda,1979-05-25,2,5,0,2021-03-14
114,444,11,1,1,KGID100114,Jhalak,1975-02-01,2,6,0,2017-05-07
115,447,29,1,1,KGID100115,Ryan,1978-09-01,1,4,0,2022-04-02
116,446,26,3,2,KGID100116,Liam,1979-06-12,1,3,0,2013-09-24
117,453,61,4,4,KGID100117,Noah,1999-06-11,1,5,0,2004-04-10
118,451,48,2,2,KGID100118,Kalpit,1973-07-30,1,5,0,2024-08-09
119,445,14,5,4,KGID100119,Kevin,1968-10-22,1,7,0,2015-10-28
120,457,92,2,2,KGID100120,Orinder,1992-04-11,1,2,0,2009-01-13
121,456,90,2,1,KGID100121,Yashodhara,1971-06-10,2,6,0,2023-02-04
122,453,69,6,1,KGID100122,Ikshita,1976-03-02,2,6,0,2018-07-08
123,443,2,8,1,KGID100123,Aachal,1985-03-08,2,7,0,2020-11-11
124,450,47,3,4,KGID100124,Indira,1979-11-22,2,3,0,2003-03-10
125,457,94,9,4,KGID100125,Oni,1988-09-10,2,8,0,2017-06-05
126,451,56,6,2,KGID100126,Diya,1991-12-24,2,2,0,2008-09-18
127,448,36,4,4,KGID100127,Nilima,1990-03-08,2,7,0,2009-05-02
128,450,44,8,3,KGID100128,Manbir,1986-05-11,1,3,0,2006-02-10
129,453,63,6,3,KGID100129,Ranveer,1990-07-15,1,6,0,2023-03-05
130,448,36,9,1,KGID100130,Nidhi,1981-04-25,2,4,0,2021-07-07
131,444,11,7,4,KGID100131,Max,1977-04-06,1,4,0,2011-10-28
132,456,89,8,4,KGID100132,Oeshi,1983-04-26,2,1,0,2012-02-13
133,444,12,4,4,KGID100133,Jalsa,1984-11-20,2,4,0,2020-07-22
134,449,40,8,3,KGID100134,Hamsini,1989-11-28,2,7,0,2008-04-26
135,457,96,6,4,KGID100135,Oviya,1970-09-06,2,5,0,2024-05-09
136,449,40,4,1,KGID100136,Kamya,1990-05-20,2,4,0,2006-11-24
137,449,41,9,2,KGID100137,Hardik,1972-07-07,1,4,0,2002-08-14
138,447,28,5,3,KGID100138,Vyanjana,1988-04-16,2,2,0,2019-12-13
139,446,25,4,3,KGID100139,Vasatika,1981-08-06,2,3,0,2016-08-14
140,449,39,9,2,KGID100140,Gunbir,1991-12-07,1,5,0,2010-09-21
141,443,6,9,3,KGID100141,Ryan,1975-10-21,1,3,0,2017-04-02
142,455,82,2,1,KGID100142,Aahana,1997-11-09,2,5,0,2022-02-26
143,453,61,8,3,KGID100143,Damyanti,1993-12-22,2,3,0,2006-10-05
144,443,7,8,1,KGID100144,Yochana,1983-04-21,2,2,0,2014-11-19
145,451,52,2,1,KGID100145,Divya,1983-01-10,2,3,0,2020-09-27
146,446,20,2,2,KGID100146,Zilmil,2001-02-04,2,2,0,2015-10-19
147,454,72,4,4,KGID100147,Vaishnavi,1988-05-03,2,8,0,2018-10-08
148,452,57,7,3,KGID100148,Yashawini,1982-01-06,2,1,0,2023-04-09
149,455,79,4,2,KGID100149,Udant,1998-01-05,1,5,0,2019-05-10
150,455,85,3,2,KGID100150,Wazir,1982-10-23,1,3,0,2019-07-20
151,454,71,3,1,KGID100151,Lakshit,1993-07-18,1,7,0,2014-01-07
152,452,58,5,1,KGID100152,Kashvi,1976-11-04,2,4,0,2003-05-15
153,448,37,8,1,KGID100153,Mekhala,1975-06-25,2,4,0,2009-07-26
154,448,34,7,1,KGID100154,Banjeet,1972-03-18,1,4,0,2007-01-22
155,455,83,5,2,KGID100155,Faraj,1991-07-12,1,2,0,2003-01-18
156,443,8,5,3,KGID100156,Samar,1978-10-04,1,8,0,2012-09-08
157,445,16,5,4,KGID100157,Bhavani,1974-07-16,2,5,0,2011-08-04
158,453,65,8,1,KGID100158,Aishani,1996-08-20,2,1,0,2019-11-18
159,451,56,5,1,KGID100159,Sachi,1983-09-22,2,2,0,2024-02-18
160,447,30,5,1,KGID100160,Manthan,1993-02-15,1,3,0,2021-12-27
161,453,61,5,2,KGID100161,Ubika,1985-10-22,2,7,0,2019-02-20
162,455,82,2,4,KGID100162,Januja,1984-02-09,2,6,0,2008-01-22
163,451,53,6,1,KGID100163,Watika,1968-06-29,2,3,0,2009-07-29
164,450,43,8,3,KGID100164,Tanmayi,1992-02-17,2,7,0,2021-09-05
165,457,98,8,1,KGID100165,Devansh,2000-11-07,1,6,0,2014-04-29
166,448,33,2,4,KGID100166,Shravya,1987-08-19,2,1,0,2017-06-02
167,455,85,7,1,KGID100167,Chakrika,1989-05-12,2,4,0,2004-10-06
168,453,67,8,4,KGID100168,Vedhika,1973-09-07,2,1,0,2007-10-02
169,447,27,9,2,KGID100169,Omisha,1974-09-14,2,5,0,2009-05-08
170,452,57,2,1,KGID100170,Sachi,1976-12-19,2,4,0,2024-05-02
171,457,91,5,1,KGID100171,Shivansh,1976-01-31,1,7,0,2003-06-22
172,444,12,2,4,KGID100172,Aditya,1992-12-22,1,2,0,2002-10-04
173,455,83,8,3,KGID100173,Parth,1975-02-17,1,5,0,2003-02-26
174,451,54,8,2,KGID100174,Anusha,1993-02-24,2,8,0,2024-04-18
175,454,71,7,2,KGID100175,Harish,1996-01-16,1,3,0,2016-06-02
176,443,9,7,3,KGID100176,Kashvi,1971-10-19,2,5,0,2017-07-28
177,443,1,5,4,KGID100177,Janani,1983-04-27,2,3,0,2007-08-28
178,452,58,6,3,KGID100178,Raksha,1973-03-18,2,7,0,2016-01-30
179,452,59,4,2,KGID100179,Deepa,1993-12-14,2,7,0,2005-06-09
180,447,30,1,3,KGID100180,Nimrat,1971-03-08,2,8,0,2002-02-15
181,457,91,7,2,KGID100181,Nimrat,1987-01-31,2,8,0,2023-04-19
182,443,5,9,3,KGID100182,Raghav,1980-12-29,1,2,0,2018-09-01
183,452,57,9,4,KGID100183,Baljiwan,1987-08-22,1,1,0,2021-06-09
184,457,93,7,2,KGID100184,Jairaj,1970-12-21,1,2,0,2020-01-17
185,453,61,6,4,KGID100185,Dipta,1994-07-31,2,2,0,2015-02-02
186,450,43,6,4,KGID100186,Anvi,1979-04-24,2,1,0,2011-10-15
187,455,80,4,3,KGID100187,Qasim,1969-11-07,1,4,0,2017-01-17
188,457,96,7,1,KGID100188,Abeer,1996-05-23,1,2,0,2021-03-29
189,452,57,5,1,KGID100189,Chatresh,1982-03-31,1,1,0,2010-03-14
190,449,42,5,3,KGID100190,Victor,1991-07-23,1,6,0,2011-12-17
191,451,56,4,4,KGID100191,Krishna,1988-06-13,1,3,0,2023-07-30
192,446,22,2,4,KGID100192,Wyatt,1983-04-25,1,4,0,2021-04-28
193,453,64,4,4,KGID100193,Krish,1978-06-19,1,5,0,2007-05-26
194,452,59,1,4,KGID100194,Chameli,1976-12-28,2,5,0,2012-04-29
195,456,87,2,4,KGID100195,Vincent,1986-11-18,1,6,0,2017-07-17
196,454,76,7,3,KGID100196,Pahal,1968-06-25,2,8,0,2021-12-05
197,449,39,7,4,KGID100197,Gavin,1984-01-31,1,2,0,2010-01-09
198,447,31,6,3,KGID100198,Leela,1979-01-29,2,5,0,2022-08-20
199,443,3,5,1,KGID100199,Manya,1986-05-28,2,1,0,2013-11-27
200,454,78,5,2,KGID100200,Ikshita,1970-06-02,2,6,0,2018-10-15
201,447,29,5,2,KGID100201,Yash,1986-05-20,1,2,0,2007-04-11
202,455,81,5,4,KGID100202,Wazir,1989-06-20,1,1,0,2013-04-15
203,454,75,3,1,KGID100203,Adweta,1970-09-02,2,5,0,2006-10-29
204,449,42,3,2,KGID100204,Keya,1977-12-01,2,3,0,2015-06-19
205,454,70,9,3,KGID100205,Vritti,1986-04-29,2,3,0,2009-10-04
206,448,33,5,3,KGID100206,Oni,1979-06-21,2,2,0,2012-05-25
207,452,60,3,2,KGID100207,Michael,1976-01-21,1,7,0,2004-05-27
208,454,72,2,4,KGID100208,Inaya,1978-03-27,2,1,0,2019-05-03
209,448,34,8,3,KGID100209,George,1974-01-07,1,5,0,2019-03-26
210,454,75,6,1,KGID100210,Manya,1992-02-22,2,4,0,2024-12-10
211,453,61,9,3,KGID100211,Lohit,2000-11-04,1,4,0,2021-06-27
212,455,83,8,3,KGID100212,Manbir,1975-03-30,1,7,0,2005-10-24
213,445,15,1,1,KGID100213,Abhimanyu,1991-07-31,1,5,0,2004-07-18
214,453,64,2,2,KGID100214,Arin,2000-08-19,1,3,0,2014-10-15
215,451,50,6,4,KGID100215,Edhitha,1989-03-12,2,3,0,2019-07-29
216,451,54,8,4,KGID100216,Charan,1997-03-07,1,5,0,2015-04-14
217,443,5,4,4,KGID100217,Vrinda,1983-10-14,2,8,0,2009-09-07
218,447,31,2,3,KGID100218,Ati,1976-02-03,2,6,0,2022-03-10
219,443,8,5,2,KGID100219,Deepa,1995-06-17,2,2,0,2011-02-15
220,452,59,4,1,KGID100220,Balhaar,1987-02-16,1,1,0,2017-12-24
221,450,43,3,2,KGID100221,Faqid,1972-07-30,1,2,0,2015-01-06
222,457,98,4,2,KGID100222,Max,1970-05-27,1,6,0,2007-06-19
223,446,19,5,2,KGID100223,Sathvik,1988-02-14,1,3,0,2020-06-25
224,454,70,3,1,KGID100224,Jeevika,1993-11-18,2,1,0,2010-08-21
225,445,17,6,2,KGID100225,Timothy,1977-08-13,1,6,0,2015-08-19
226,443,3,5,1,KGID100226,Tanish,1977-11-21,1,3,0,2016-05-30
227,457,95,9,1,KGID100227,Chavvi,1999-09-23,2,2,0,2006-06-30
228,453,61,6,1,KGID100228,Jagvi,1976-07-03,2,8,0,2003-06-16
229,453,65,1,3,KGID100229,Jagdish,1973-06-01,1,8,0,2003-04-23
230,455,83,1,4,KGID100230,Aarav,1981-05-25,1,7,0,2018-01-19
231,451,55,8,4,KGID100231,Wahab,1977-05-30,1,2,0,2007-01-23
232,444,11,3,1,KGID100232,Megha,1991-05-30,2,3,0,2012-05-27
233,448,36,7,3,KGID100233,Kamala,1998-12-03,2,8,0,2020-05-31
234,453,65,2,1,KGID100234,Ira,1981-12-17,2,4,0,2014-07-30
235,451,56,4,4,KGID100235,Falguni,1998-05-24,2,6,0,2021-05-06
236,452,59,7,1,KGID100236,Bimala,1969-07-14,2,6,0,2020-07-12
237,451,55,5,3,KGID100237,Mitali,1982-06-09,2,3,0,2012-10-03
238,456,88,2,1,KGID100238,Nidra,1991-04-19,2,2,0,2024-02-17
239,444,12,2,3,KGID100239,Yamini,1985-11-13,2,3,0,2012-01-05
240,454,72,9,3,KGID100240,Anmol,1997-09-30,1,2,0,2019-02-19
241,451,53,7,1,KGID100241,Ladli,1968-05-21,2,5,0,2007-01-01
242,454,77,6,1,KGID100242,Aishani,2001-06-29,2,4,0,2017-08-22
243,446,20,4,1,KGID100243,Lipika,1987-02-06,2,6,0,2019-10-27
244,454,72,2,3,KGID100244,Harita,1983-07-04,2,4,0,2017-02-21
245,451,55,5,1,KGID100245,Liam,1973-09-04,1,3,0,2015-07-22
246,448,35,6,3,KGID100246,Xalak,2000-06-15,2,1,0,2012-10-14
247,446,24,7,1,KGID100247,Samarth,1978-11-03,1,3,0,2017-08-03
248,457,95,2,2,KGID100248,Faris,1978-09-20,1,7,0,2018-02-26
249,451,54,6,2,KGID100249,Mitali,1990-01-13,2,6,0,2011-02-12
250,449,40,2,1,KGID100250,Anita,1982-12-21,2,3,0,2009-01-20
251,446,21,2,3,KGID100251,Neel,1971-06-13,1,8,0,2020-01-18
252,455,85,8,4,KGID100252,Yasti,1995-07-22,2,7,0,2001-07-15
253,448,35,9,1,KGID100253,Vihaan,1981-07-23,1,6,0,2006-01-04
254,451,56,5,4,KGID100254,Pratyush,1988-09-04,1,5,0,2013-06-21
255,443,6,7,1,KGID100255,Timothy,1993-05-07,1,1,0,2006-05-24
256,447,27,4,2,KGID100256,Ekaja,1999-01-18,2,5,0,2012-01-09
257,449,38,2,1,KGID100257,Watika,1971-08-20,2,8,0,2024-11-10
258,457,96,3,2,KGID100258,Kashvi,1991-08-22,2,7,0,2008-12-18
259,453,69,9,3,KGID100259,Abhimanyu,1986-04-14,1,2,0,2003-09-29
260,451,51,7,1,KGID100260,Dakshesh,1983-03-13,1,8,0,2004-04-29
261,444,10,7,4,KGID100261,Ganga,1984-06-14,2,7,0,2018-09-15
262,449,38,7,1,KGID100262,Laban,1981-08-19,1,6,0,2013-02-01
263,446,22,6,1,KGID100263,Vrishti,1975-10-17,2,7,0,2014-09-26
264,445,14,7,4,KGID100264,Rehaan,1973-12-27,1,2,0,2015-11-22
265,451,51,6,2,KGID100265,Ekanta,1996-11-19,2,6,0,2008-02-20
266,446,22,9,1,KGID100266,Sarthak,1979-01-23,1,4,0,2020-05-30
267,450,45,3,2,KGID100267,Lila,1995-05-29,2,2,0,2008-04-18
268,446,19,4,2,KGID100268,Neha,1995-12-25,2,3,0,2015-06-05
269,457,98,3,4,KGID100269,Yash,1996-12-04,1,8,0,2012-03-22
270,457,97,6,3,KGID100270,Warhi,1979-03-30,2,3,0,2014-10-02
271,452,57,8,4,KGID100271,Ranbir,1982-12-27,1,5,0,2009-03-25
272,448,36,6,1,KGID100272,Girindra,2000-11-08,1,5,0,2007-03-29
273,452,60,1,1,KGID100273,Sanaya,1975-06-13,2,6,0,2020-02-13
274,448,37,2,4,KGID100274,Anthony,1978-04-29,1,8,0,2012-11-09
275,454,75,8,2,KGID100275,Rayaan,1980-08-19,1,6,0,2017-06-08
276,454,78,9,2,KGID100276,Forum,1984-05-07,2,1,0,2002-05-25
277,452,58,6,1,KGID100277,Zayan,2000-04-30,1,3,0,2009-06-22
278,443,6,8,4,KGID100278,Chandresh,1997-03-25,1,3,0,2012-01-28
279,450,47,5,4,KGID100279,Zansi,1998-06-18,2,7,0,2001-11-16
280,450,44,6,1,KGID100280,Ekbal,1981-06-12,1,6,0,2017-03-22
281,444,13,5,3,KGID100281,Garima,1970-01-19,2,3,0,2020-04-06
282,450,43,3,3,KGID100282,Kevin,1979-01-07,1,5,0,2018-02-17
283,455,84,3,1,KGID100283,Chaitaly,1996-06-20,2,5,0,2021-12-17
284,454,72,6,2,KGID100284,Sachi,1999-12-13,2,2,0,2016-07-19
285,455,83,9,3,KGID100285,Widisha,1997-03-03,2,1,0,2002-05-15
286,450,47,3,2,KGID100286,Bhavya,1975-06-28,2,6,0,2017-12-06
287,453,63,4,2,KGID100287,Maanas,2001-06-03,1,3,0,2019-06-06
288,444,10,2,1,KGID100288,Urishilla,2000-10-08,2,6,0,2019-10-03
289,455,80,7,2,KGID100289,Chandresh,1982-08-05,1,3,0,2018-02-28
290,446,24,8,1,KGID100290,Akshay,1969-01-26,1,7,0,2020-08-12
291,450,47,8,3,KGID100291,Manan,1979-09-11,1,8,0,2011-11-04
292,447,30,5,4,KGID100292,Jason,1985-07-26,1,4,0,2015-02-02
293,451,48,8,3,KGID100293,Hemangini,1973-04-15,2,7,0,2003-05-28
294,453,65,3,2,KGID100294,Sai,1988-07-30,2,3,0,2007-04-15
295,448,33,8,3,KGID100295,Ekbal,1975-05-27,1,2,0,2016-10-25
296,457,92,5,1,KGID100296,Victor,1976-03-09,1,3,0,2001-09-25
297,448,35,9,2,KGID100297,Vidhi,1998-02-24,2,7,0,2017-10-08
298,444,12,8,3,KGID100298,Farhan,1970-01-07,1,1,0,2024-03-10
299,451,54,7,3,KGID100299,Mason,1989-03-25,1,4,0,2011-09-10
300,451,50,6,2,KGID100300,Jeremiah,1983-01-15,1,1,0,2008-10-04
301,449,41,6,2,KGID100301,Rehaan,1996-07-09,1,3,0,2004-01-25
302,443,5,8,2,KGID100302,Sai,1986-12-14,2,8,0,2015-04-21
303,452,58,2,1,KGID100303,Manbir,1968-04-02,1,5,0,2021-06-05
304,447,28,9,4,KGID100304,Rudra,1976-11-02,1,2,0,2015-02-02
305,448,37,5,1,KGID100305,Aryan,1998-06-20,1,1,0,2019-05-23
306,447,31,8,1,KGID100306,Mekhala,1993-11-18,2,2,0,2007-01-11
307,453,64,9,2,KGID100307,Patrick,1974-12-14,1,3,0,2006-01-26
308,449,38,1,3,KGID100308,Ladli,1990-07-21,2,4,0,2018-10-22
309,454,74,3,1,KGID100309,Ekantika,1988-11-13,2,6,0,2023-03-10
310,443,9,7,4,KGID100310,Anmol,1978-01-04,1,1,0,2012-02-01
311,455,82,6,3,KGID100311,Rajata,1992-05-29,2,1,0,2003-09-03
312,450,46,6,2,KGID100312,Manbir,1978-08-13,1,2,0,2011-06-24
313,454,75,3,1,KGID100313,Irya,1972-01-01,2,6,0,2014-06-14
314,454,70,3,4,KGID100314,Rajeshri,1985-07-22,2,8,0,2023-06-06
315,455,81,3,1,KGID100315,Fitan,1976-03-30,1,8,0,2021-04-19
316,443,5,4,1,KGID100316,Warda,2000-05-25,2,4,0,2008-08-03
317,443,6,5,4,KGID100317,Pallavi,1994-11-07,2,8,0,2012-09-29
318,448,33,4,3,KGID100318,Baljiwan,1972-04-17,1,6,0,2024-09-13
319,443,7,5,1,KGID100319,Sneha,2000-05-24,2,6,0,2020-10-25
320,451,56,8,4,KGID100320,Rajeshri,1970-07-30,2,6,0,2010-12-23
321,446,24,8,3,KGID100321,Libni,1985-10-01,2,5,0,2012-06-03
322,444,11,2,4,KGID100322,Lekha,1987-05-20,2,3,0,2021-03-30
323,454,70,6,1,KGID100323,Ria,1971-03-11,2,2,0,2007-02-13
324,449,42,5,4,KGID100324,Amaira,1988-07-28,2,7,0,2024-02-21
325,446,22,6,4,KGID100325,Omisha,1998-08-17,2,1,0,2006-10-27
326,457,94,7,3,KGID100326,Bhavika,1989-02-10,2,1,0,2012-08-25
327,444,10,6,2,KGID100327,Nidhi,1989-07-31,2,1,0,2004-04-22
328,446,19,1,2,KGID100328,Aradhana,1999-09-06,2,2,0,2008-10-23
329,447,31,6,4,KGID100329,Xiti,1971-06-16,2,1,0,2007-02-22
330,454,78,8,3,KGID100330,Ekansh,1980-09-20,1,6,0,2010-05-30
331,452,57,3,3,KGID100331,Shaurya,1987-06-24,1,7,0,2018-12-11
332,449,41,4,1,KGID100332,Triya,1989-10-10,2,1,0,2021-07-07
333,457,95,8,4,KGID100333,Samar,1999-06-09,1,2,0,2008-03-21
334,448,34,8,2,KGID100334,Reva,1974-11-23,2,5,0,2012-03-06
335,456,89,4,1,KGID100335,Kamya,1996-08-04,2,3,0,2003-11-22
336,444,10,3,4,KGID100336,Raksha,1986-01-07,2,2,0,2024-12-21
337,456,88,6,1,KGID100337,Rachita,1969-07-25,2,5,0,2008-02-17
338,449,39,3,3,KGID100338,Darsh,1999-10-10,1,4,0,2021-04-15
339,445,16,3,2,KGID100339,Chakradev,1990-01-15,1,8,0,2016-11-27
340,443,4,9,3,KGID100340,Aishani,1969-03-24,2,8,0,2009-07-06
341,454,71,2,1,KGID100341,Dev,1994-04-07,1,5,0,2006-06-07
342,451,51,9,4,KGID100342,Ishita,1987-06-12,2,7,0,2021-01-07
343,454,74,3,3,KGID100343,Jackson,1978-09-05,1,2,0,2005-01-18
344,452,58,9,3,KGID100344,Aadhya,1976-12-07,2,3,0,2025-02-14
345,454,71,3,4,KGID100345,Dhruv,1985-11-15,1,1,0,2020-09-01
346,445,16,5,2,KGID100346,Christopher,1989-12-25,1,3,0,2002-02-15
347,449,42,6,3,KGID100347,Abhimanyu,1979-09-09,1,2,0,2020-06-05
348,448,33,9,3,KGID100348,Neel,1968-01-16,1,3,0,2007-11-16
349,455,81,9,1,KGID100349,Edhitha,1992-09-22,2,3,0,2014-02-18
350,454,76,3,3,KGID100350,Azad,1983-09-13,1,1,0,2020-03-06
351,443,4,1,3,KGID100351,Chatura,1982-11-16,1,4,0,2006-10-28
352,454,74,1,4,KGID100352,Anya,1992-03-26,2,5,0,2023-04-26
353,455,83,8,2,KGID100353,Yoshita,1977-10-05,2,7,0,2016-12-11
354,449,39,2,1,KGID100354,Amruta,1969-07-29,2,3,0,2013-01-01
355,452,57,8,4,KGID100355,Suhani,1981-12-31,2,4,0,2004-02-06
356,450,44,6,3,KGID100356,Tristan,1970-01-02,1,6,0,2003-06-13
357,451,52,6,1,KGID100357,Ethan,1969-09-27,1,6,0,2008-02-09
358,447,31,2,3,KGID100358,Omaja,1980-06-16,2,8,0,2015-11-05
359,447,32,2,1,KGID100359,Manan,1982-12-07,1,5,0,2016-01-14
360,451,50,4,2,KGID100360,Chavvi,1994-06-22,2,6,0,2004-04-02
361,454,74,4,2,KGID100361,Janaki,1982-02-17,2,8,0,2022-10-27
362,453,66,8,3,KGID100362,Triveni,1979-01-12,2,8,0,2012-05-22
363,443,3,7,4,KGID100363,Sarthak,1992-04-25,1,4,0,2009-01-03
364,447,28,1,1,KGID100364,Nirja,1990-02-13,2,5,0,2010-06-28
365,453,64,5,1,KGID100365,Ganga,1990-11-10,2,2,0,2012-11-20
366,451,56,5,3,KGID100366,Chakradev,1995-10-15,1,7,0,2003-09-30
367,450,47,7,1,KGID100367,Chanakya,1992-10-28,1,4,0,2010-06-14
368,450,47,2,4,KGID100368,Eiravati,1986-06-04,2,8,0,2015-08-01
369,457,98,2,2,KGID100369,Omya,1990-04-15,2,2,0,2011-05-14
370,451,51,6,3,KGID100370,Udyati,1997-01-08,2,3,0,2018-10-24
371,446,26,9,1,KGID100371,Mitali,1987-12-03,2,1,0,2009-12-12
372,443,5,6,4,KGID100372,Zehaan,1974-09-28,1,8,0,2017-04-08
373,446,20,6,3,KGID100373,Isaac,1996-04-25,1,3,0,2009-11-28
374,451,51,6,4,KGID100374,Raksha,1971-05-31,2,5,0,2008-03-11
375,453,61,6,3,KGID100375,Isaiah,1994-12-14,1,2,0,2021-10-15
376,451,54,1,4,KGID100376,Amara,1988-03-19,2,5,0,2017-04-17
377,455,84,1,4,KGID100377,Kiaan,1968-06-28,1,3,0,2008-01-25
378,453,68,3,2,KGID100378,Nilima,1998-11-03,2,1,0,2009-12-06
379,454,74,4,1,KGID100379,Gautam,1997-01-30,1,8,0,2015-02-05
380,449,41,3,4,KGID100380,Suhani,1969-11-15,2,4,0,2019-04-16
381,451,53,1,2,KGID100381,Amruta,1970-08-17,2,4,0,2014-03-28
382,454,72,8,4,KGID100382,Riya,1981-10-12,2,6,0,2009-09-08
383,446,23,9,3,KGID100383,Reva,1978-02-07,2,6,0,2009-04-17
384,456,87,8,2,KGID100384,Chaman,1997-07-17,2,4,0,2005-03-29
385,448,36,4,3,KGID100385,Arya,1990-06-04,2,5,0,2008-01-14
386,457,91,8,3,KGID100386,Simon,1984-01-08,1,8,0,2012-02-12
387,450,45,5,1,KGID100387,Madhavi,1974-11-02,2,7,0,2013-10-20
388,451,51,3,3,KGID100388,Pooja,1982-02-15,2,1,0,2008-04-21
389,448,37,6,4,KGID100389,Yagnesh,1985-06-03,1,5,0,2008-11-28
390,457,96,4,2,KGID100390,Januja,1980-12-11,2,5,0,2015-11-22
391,454,72,3,1,KGID100391,Aarini,1974-06-16,2,4,0,2024-03-11
392,447,32,9,2,KGID100392,Ekapad,1993-06-28,1,4,0,2008-06-15
393,443,7,7,3,KGID100393,Darpan,1967-10-08,1,8,0,2019-06-08
394,444,13,1,2,KGID100394,Gagan,1971-11-25,1,7,0,2014-04-16
395,455,84,8,2,KGID100395,Jyoti,1984-07-07,2,5,0,2021-07-04
396,449,42,1,1,KGID100396,Raagini,1969-12-16,2,4,0,2022-03-10
397,453,69,3,4,KGID100397,Ansh,1982-05-04,1,3,0,2012-07-16
398,443,5,8,2,KGID100398,Brinda,1996-10-26,2,5,0,2015-04-29
399,443,5,5,1,KGID100399,Samaksh,1991-08-19,1,6,0,2011-07-14
400,448,37,9,4,KGID100400,Deepa,1981-04-12,2,3,0,2024-09-10
401,453,65,5,2,KGID100401,Harinakshi,1994-10-02,2,2,0,2016-05-04
402,450,43,8,3,KGID100402,Pratyush,1970-07-03,1,3,0,2021-10-09
403,443,2,5,2,KGID100403,Keya,1982-04-27,2,3,0,2011-02-12
404,455,79,7,3,KGID100404,Chaaya,1980-12-18,2,2,0,2008-12-14
405,451,52,3,2,KGID100405,Omkaar,1975-01-15,1,8,0,2020-03-15
406,449,42,1,3,KGID100406,Balvan,1984-11-11,1,7,0,2004-03-30
407,447,31,5,3,KGID100407,Yashodhara,1974-02-06,2,5,0,2020-02-19
408,454,75,5,3,KGID100408,Parth,1992-03-28,1,4,0,2021-02-28
409,443,8,8,3,KGID100409,Ethan,1975-07-17,1,3,0,2005-01-08
410,451,52,2,3,KGID100410,Ira,1973-05-28,2,6,0,2005-03-05
411,455,79,4,2,KGID100411,Baljiwan,1973-07-12,1,8,0,2020-01-21
412,446,20,6,4,KGID100412,Xiti,1983-04-13,2,8,0,2015-01-14
413,457,97,4,1,KGID100413,Udarsh,1990-08-31,1,8,0,2022-09-04
414,453,68,2,1,KGID100414,Ojasvi,1996-11-22,2,1,0,2016-07-23
415,454,71,9,2,KGID100415,Faqid,1982-06-17,1,3,0,2012-10-05
416,449,42,2,2,KGID100416,Nidra,1994-08-01,2,8,0,2015-09-13
417,444,12,1,4,KGID100417,Qushi,1984-10-03,2,3,0,2008-12-15
418,453,66,8,1,KGID100418,Varsha,1968-10-14,2,8,0,2010-05-10
419,456,87,1,4,KGID100419,Mekhala,1970-02-11,2,5,0,2022-04-01
420,443,1,2,1,KGID100420,Chakradev,1988-06-01,1,7,0,2013-09-04
421,450,45,9,1,KGID100421,Vihaan,1987-03-29,1,2,0,2024-05-28
422,453,61,5,4,KGID100422,Ansh,1982-10-19,1,3,0,2020-12-10
423,446,18,6,4,KGID100423,Ijaya,1978-06-10,2,8,0,2012-12-02
424,451,49,2,2,KGID100424,Forum,2000-01-26,2,6,0,2012-04-26
425,445,16,9,4,KGID100425,Onveer,2000-11-28,1,3,0,2003-07-14
426,457,94,1,1,KGID100426,Gabriel,1968-11-02,1,5,0,2018-06-28
427,452,60,9,4,KGID100427,Urvashi,1985-04-29,2,4,0,2016-02-21
428,447,32,6,2,KGID100428,Rajata,1980-03-08,2,5,0,2008-04-18
429,446,25,1,4,KGID100429,Samarth,1993-11-03,1,1,0,2017-10-19
430,447,31,2,1,KGID100430,Atharv,1994-05-05,1,1,0,2017-01-15
431,452,58,4,1,KGID100431,Bachittar,1978-09-19,1,7,0,2014-11-24
432,452,57,9,2,KGID100432,Reyansh,1977-03-02,1,1,0,2018-11-16
433,446,18,4,3,KGID100433,Falguni,1978-11-04,2,6,0,2015-06-29
434,447,31,3,2,KGID100434,Ekta,1998-09-05,2,7,0,2008-12-14
435,449,39,1,2,KGID100435,Shivani,1971-11-22,2,7,0,2018-07-08
436,454,72,1,3,KGID100436,Chaman,1978-01-12,2,7,0,2010-07-19
437,453,68,7,4,KGID100437,Omya,1995-02-26,2,3,0,2017-08-03
438,449,39,3,4,KGID100438,Zansi,1970-09-07,2,4,0,2017-08-06
439,447,29,3,4,KGID100439,Yashoda,1979-10-23,2,1,0,2010-03-18
440,454,72,7,2,KGID100440,Hemangini,1999-11-06,2,7,0,2009-09-16
441,447,32,4,3,KGID100441,Watika,1974-01-13,2,2,0,2025-07-03
442,452,58,2,2,KGID100442,Garima,1970-02-17,2,1,0,2021-10-09
443,448,35,1,1,KGID100443,Daksha,1984-10-07,2,4,0,2014-06-18
444,457,98,8,2,KGID100444,Anirudh,1990-01-05,1,6,0,2022-07-16
445,449,39,4,2,KGID100445,Dominic,1987-10-25,1,2,0,2005-03-18
446,457,96,4,2,KGID100446,Hemangini,1995-10-10,2,7,0,2020-01-05
447,447,31,5,4,KGID100447,Gayathri,1992-01-11,2,8,0,2002-07-22
448,453,69,5,3,KGID100448,Rajata,1990-07-03,2,6,0,2007-03-17
449,453,66,8,1,KGID100449,Vamakshi,1988-04-07,2,8,0,2019-07-25
450,457,98,4,3,KGID100450,Vanya,1975-06-19,2,6,0,2007-04-01
451,451,53,4,2,KGID100451,Wahab,1998-03-30,1,1,0,2006-03-01
452,448,34,5,2,KGID100452,Urvi,1983-03-16,2,4,0,2008-04-08
453,450,43,7,2,KGID100453,Rayaan,1984-08-09,1,8,0,2011-07-22
454,454,71,5,4,KGID100454,Gaurika,1995-04-13,2,8,0,2020-09-26
455,452,59,6,2,KGID100455,Ekapad,1997-03-10,1,3,0,2002-10-05
456,457,93,3,1,KGID100456,Warda,1997-03-24,2,1,0,2014-10-25
457,444,10,1,4,KGID100457,Charan,1991-09-11,1,3,0,2013-11-20
458,455,81,2,2,KGID100458,David,1977-03-14,1,1,0,2019-10-27
459,447,28,6,1,KGID100459,Madhavi,1982-10-14,2,8,0,2013-10-29
460,455,85,1,1,KGID100460,Urmi,1970-08-16,2,7,0,2023-05-11
461,443,2,9,3,KGID100461,Umang,1997-08-02,1,5,0,2023-11-02
462,443,3,3,1,KGID100462,Triya,1969-04-26,2,2,0,2013-07-22
463,453,68,4,2,KGID100463,Jacob,1980-08-20,1,5,0,2003-06-20
464,450,46,7,1,KGID100464,Jasmit,1968-06-19,2,6,0,2023-11-05
465,451,52,4,2,KGID100465,Oviya,1994-06-01,2,5,0,2004-10-23
466,456,88,1,1,KGID100466,Luke,1998-09-13,1,7,0,2012-11-05
467,451,49,9,4,KGID100467,Ekiya,1993-04-23,2,1,0,2012-10-06
468,455,82,3,1,KGID100468,Aarnav,1998-04-22,1,8,0,2001-12-18
469,451,56,2,1,KGID100469,Janaki,1995-11-24,2,4,0,2014-09-05
470,447,28,5,1,KGID100470,Zarna,1981-11-24,2,2,0,2020-02-19
471,456,88,9,1,KGID100471,Kashish,1977-09-29,2,3,0,2002-08-27
472,449,41,4,2,KGID100472,Shaurya,1989-03-26,1,7,0,2016-06-14
473,444,10,3,2,KGID100473,Bhavika,1971-04-11,2,7,0,2023-03-25
474,456,87,7,2,KGID100474,Adweta,1988-12-29,2,2,0,2015-04-23
475,453,65,1,1,KGID100475,Eshana,1977-05-30,2,7,0,2001-07-18
476,447,30,6,4,KGID100476,Patrick,1975-09-08,1,6,0,2011-07-04
477,443,4,8,4,KGID100477,Chaman,1985-04-22,2,4,0,2010-02-28
478,450,46,7,2,KGID100478,Zansi,1986-01-02,2,7,0,2020-05-18
479,444,11,4,1,KGID100479,Yashica,1986-05-08,2,2,0,2010-11-17
480,448,35,7,2,KGID100480,Wahab,1968-12-26,1,7,0,2010-10-17
481,449,41,2,1,KGID100481,Ridhi,1976-02-18,2,1,0,2001-11-24
482,449,40,6,3,KGID100482,Bhavna,1979-03-26,2,2,0,2019-02-05
483,445,17,3,4,KGID100483,Charles,1993-09-27,1,8,0,2019-02-24
484,454,72,2,1,KGID100484,Osha,1972-01-16,2,2,0,2009-12-17
485,450,46,6,4,KGID100485,Omkaar,1995-03-02,1,1,0,2005-09-16
486,449,38,7,1,KGID100486,Vedika,2000-11-08,2,4,0,2012-12-28
487,454,74,7,2,KGID100487,Gavin,1995-02-05,1,3,0,2003-01-09
488,448,35,5,4,KGID100488,Vasudha,1968-10-06,2,3,0,2006-05-06
489,443,9,7,3,KGID100489,Harish,1997-08-16,1,7,0,2009-01-30
490,449,39,2,3,KGID100490,Nilima,1985-01-11,2,5,0,2025-03-30
491,447,32,4,4,KGID100491,Vritti,1976-02-13,2,2,0,2019-08-02
492,446,18,1,4,KGID100492,Ikshita,1977-03-27,2,6,0,2022-03-13
493,455,80,6,4,KGID100493,Arunima,1996-12-11,2,6,0,2009-06-22
494,451,56,5,3,KGID100494,David,1994-09-08,1,4,0,2011-12-29
495,453,62,3,4,KGID100495,Sudiksha,1992-10-12,2,6,0,2022-12-23
496,449,38,4,3,KGID100496,Sanya,1979-01-13,2,7,0,2005-12-28
497,448,36,6,1,KGID100497,Yadavi,1979-12-31,2,4,0,2020-08-22
498,454,76,9,1,KGID100498,Kiaan,1994-09-30,1,8,0,2018-12-15
499,457,91,8,3,KGID100499,Balveer,1982-02-23,1,2,0,2025-05-22
500,451,53,3,3,KGID100500,Hemangini,1986-01-20,2,4,0,2009-03-20
501,448,33,7,4,KGID100501,Balveer,1978-08-28,1,2,0,2008-08-08
502,452,58,7,4,KGID100502,Vansha,1987-12-30,2,1,0,2011-09-25
503,450,47,2,2,KGID100503,Tristan,1979-06-17,1,6,0,2002-07-11
504,446,22,7,3,KGID100504,Patrick,1988-05-30,1,7,0,2011-12-12
505,445,14,2,3,KGID100505,Ayush,1970-01-21,1,4,0,2016-10-21
506,453,66,8,3,KGID100506,Qabil,1984-12-14,1,7,0,2019-07-03
507,452,60,6,1,KGID100507,Fariq,1999-11-26,1,8,0,2004-12-07
508,445,14,7,1,KGID100508,Urvashi,1968-09-09,2,2,0,2003-02-14
509,457,94,6,3,KGID100509,Qadim,1979-10-27,1,6,0,2024-04-17
510,452,59,9,4,KGID100510,Amol,1988-01-30,1,6,0,2017-10-20
511,453,61,8,4,KGID100511,Qasim,1980-02-27,1,6,0,2019-10-27
512,443,9,1,1,KGID100512,Ekantika,1985-07-05,2,1,0,2011-01-22
513,450,44,3,2,KGID100513,Liam,1975-12-29,1,3,0,2004-03-25
514,454,71,6,4,KGID100514,Girik,1984-06-22,1,8,0,2010-10-17
515,447,30,3,2,KGID100515,Dhriti,1976-05-29,2,7,0,2007-10-03
516,451,51,4,4,KGID100516,Udant,1974-10-20,1,7,0,2016-03-11
517,451,50,4,2,KGID100517,Yatan,1974-04-25,1,5,0,2004-10-06
518,457,97,2,2,KGID100518,Balhaar,1982-11-16,1,6,0,2023-01-27
519,449,42,8,1,KGID100519,Tristan,2001-06-01,1,5,0,2020-12-16
520,455,86,9,3,KGID100520,Odika,1990-03-19,2,7,0,2018-07-15
521,455,79,2,3,KGID100521,Mohini,1997-10-24,2,6,0,2021-12-09
522,452,59,5,1,KGID100522,Gagan,1994-06-29,1,3,0,2013-09-19
523,449,41,4,3,KGID100523,Darsh,2001-01-01,1,2,0,2020-07-07
524,446,24,3,4,KGID100524,Kashish,1994-05-19,2,7,0,2002-02-20
525,454,77,7,4,KGID100525,Qarin,1983-05-26,1,3,0,2025-02-05
526,453,63,9,2,KGID100526,Dhruv,1988-04-24,1,8,0,2003-07-30
527,448,37,3,3,KGID100527,Mohammed,1981-01-16,1,8,0,2018-09-17
528,455,80,6,1,KGID100528,Wriddhish,1985-05-19,1,8,0,2019-12-19
529,446,18,7,4,KGID100529,Balhaar,1971-10-08,1,7,0,2009-02-11
530,456,88,7,4,KGID100530,Bina,1982-10-22,2,8,0,2017-10-30
531,446,22,1,2,KGID100531,Orinder,1971-11-14,1,5,0,2021-05-27
532,443,5,4,3,KGID100532,Hemani,1993-08-12,2,3,0,2004-08-08
533,452,59,9,1,KGID100533,Yashasvi,1998-06-22,2,2,0,2002-11-02
534,448,35,9,1,KGID100534,Diya,1985-02-14,2,8,0,2008-10-21
535,454,70,7,1,KGID100535,Faris,1978-06-24,1,4,0,2018-07-13
536,449,39,8,3,KGID100536,Oscar,1999-09-21,1,6,0,2013-12-17
537,444,12,2,2,KGID100537,Meghana,1996-04-08,2,4,0,2007-07-10
538,457,95,7,2,KGID100538,Mahika,1971-10-06,2,3,0,2008-10-10
539,447,27,1,3,KGID100539,Chakradhar,1984-08-05,1,5,0,2005-07-22
540,454,77,6,3,KGID100540,Faraj,1973-04-30,1,5,0,2016-06-29
541,454,74,9,1,KGID100541,Pahal,1996-02-26,2,3,0,2015-01-13
542,457,97,1,3,KGID100542,Amrita,1970-04-08,2,3,0,2024-04-09
543,456,90,4,2,KGID100543,Kevin,1989-08-24,1,6,0,2019-11-30
544,447,32,8,2,KGID100544,Turvi,1988-07-10,2,5,0,2002-03-27
545,455,81,7,4,KGID100545,Mohini,1989-05-01,2,2,0,2008-10-03
546,455,82,7,3,KGID100546,Jason,1994-11-13,1,6,0,2017-12-11
547,452,59,6,1,KGID100547,Neha,1982-12-05,2,2,0,2018-01-12
548,457,94,6,1,KGID100548,Gaurangi,1982-06-15,2,7,0,2013-02-16
549,447,28,4,4,KGID100549,Ishani,1979-01-27,2,5,0,2004-12-15
550,449,42,6,2,KGID100550,Odika,1992-06-21,2,8,0,2022-03-01
551,450,44,1,1,KGID100551,Ryan,1971-12-14,1,8,0,2010-05-26
552,443,3,3,4,KGID100552,Chatresh,1978-05-11,1,8,0,2012-09-13
553,443,1,4,2,KGID100553,Lila,1982-10-17,2,5,0,2004-11-20
554,446,21,2,3,KGID100554,Arya,1977-05-17,2,5,0,2010-09-23
555,444,11,3,1,KGID100555,Ubika,1975-12-13,2,7,0,2022-04-10
556,455,81,4,4,KGID100556,Gauri,1995-03-02,2,2,0,2023-12-01
557,457,91,1,2,KGID100557,Naksh,1973-12-17,1,8,0,2005-05-01
558,444,10,4,4,KGID100558,Vivaan,1984-06-19,1,1,0,2008-11-29
559,443,2,2,4,KGID100559,Alka,1970-07-27,2,3,0,2010-12-11
560,453,62,4,4,KGID100560,Veer,2000-05-17,1,2,0,2006-09-02
561,457,94,2,3,KGID100561,Patrick,1969-02-28,1,6,0,2008-04-05
562,449,39,7,2,KGID100562,Wahab,1977-03-22,1,3,0,2001-09-14
563,443,9,3,4,KGID100563,Chatura,1982-02-27,1,6,0,2022-09-07
564,457,93,3,4,KGID100564,Qadim,1993-06-24,1,8,0,2010-04-16
565,447,28,2,2,KGID100565,Sai,1969-03-31,1,2,0,2014-12-28
566,454,76,6,4,KGID100566,Radhika,1986-04-26,2,6,0,2003-04-10
567,446,18,5,1,KGID100567,Zayyan,1982-10-26,1,4,0,2014-09-14
568,454,71,1,3,KGID100568,Dhriti,1971-11-18,2,4,0,2003-10-30
569,453,67,7,3,KGID100569,Rachit,1994-07-14,1,1,0,2009-08-24
570,447,31,7,1,KGID100570,Rajeshri,1993-03-05,2,4,0,2006-04-14
571,453,64,9,1,KGID100571,Sai,1984-07-05,1,6,0,2002-08-06
572,449,41,7,4,KGID100572,Ekapad,1991-10-09,1,6,0,2020-10-19
573,454,70,8,1,KGID100573,Vedant,1972-07-27,1,1,0,2022-12-10
574,454,76,1,3,KGID100574,Ekaraj,1978-08-29,1,4,0,2016-03-21
575,443,6,7,3,KGID100575,Finn,1980-11-13,1,7,0,2016-04-20
576,451,55,2,2,KGID100576,Netra,1987-09-11,2,5,0,2013-09-06
577,444,11,2,2,KGID100577,Yashoda,1985-08-10,2,3,0,2018-07-08
578,453,69,7,1,KGID100578,Netra,1983-08-27,2,5,0,2001-11-27
579,456,90,4,1,KGID100579,Oni,1990-06-02,2,4,0,2025-01-08
580,444,12,2,4,KGID100580,Nikita,1994-08-06,2,1,0,2018-11-30
581,449,40,2,1,KGID100581,Agastya,1987-10-21,1,3,0,2007-11-18
582,456,90,3,4,KGID100582,Ishaan,1992-01-14,1,6,0,2015-07-06
583,453,67,3,3,KGID100583,Harinakshi,1985-05-01,2,3,0,2018-10-25
584,457,96,2,1,KGID100584,Sachi,1972-07-13,2,6,0,2017-11-04
585,451,55,9,1,KGID100585,Anamika,1986-12-22,2,5,0,2018-04-27
586,457,92,8,4,KGID100586,Girish,1968-02-25,1,6,0,2009-01-13
587,443,8,3,3,KGID100587,Forum,1981-07-19,2,3,0,2006-05-27
588,448,33,2,2,KGID100588,Zashil,1993-11-09,1,1,0,2023-08-07
589,443,6,4,1,KGID100589,Azaan,1991-07-04,1,8,0,2013-12-15
590,450,47,3,2,KGID100590,Omaja,2001-06-11,2,1,0,2012-12-26
591,454,71,4,3,KGID100591,Riya,1978-03-05,2,4,0,2005-08-30
592,451,54,5,1,KGID100592,Zinal,1979-02-23,2,6,0,2010-01-04
593,445,16,3,2,KGID100593,Kevin,1988-04-01,1,1,0,2006-02-14
594,451,52,8,3,KGID100594,Jatin,1976-12-28,1,5,0,2008-09-02
595,449,42,9,4,KGID100595,Manthan,1993-09-23,1,1,0,2018-06-04
596,451,48,5,3,KGID100596,Yash,1978-04-15,1,4,0,2009-11-17
597,452,60,8,2,KGID100597,Mahika,1977-04-17,2,4,0,2015-04-09
598,446,20,7,1,KGID100598,Ranveer,1997-12-18,1,4,0,2010-12-23
599,454,70,1,3,KGID100599,Pooja,1999-12-19,2,1,0,2020-10-25
600,457,98,5,1,KGID100600,Mohini,1968-12-08,2,4,0,2024-06-07
601,453,68,7,4,KGID100601,Balveer,1979-04-14,1,1,0,2012-02-15
602,446,19,2,1,KGID100602,Lavanya,1992-12-01,2,4,0,2006-08-23
603,453,67,6,4,KGID100603,Lopa,1999-03-26,2,2,0,2018-03-19
604,454,75,9,2,KGID100604,Ekapad,1971-03-22,1,7,0,2019-04-15
605,444,10,7,2,KGID100605,Jagdish,1975-10-02,1,4,0,2017-08-01
606,449,38,6,4,KGID100606,Zilmil,1975-03-07,2,6,0,2007-02-04
607,449,41,5,2,KGID100607,Daksha,1981-07-23,2,2,0,2018-09-21
608,446,26,2,2,KGID100608,Chandresh,1990-09-01,1,2,0,2004-10-21
609,446,22,8,3,KGID100609,Gaurangi,1981-05-05,2,7,0,2023-12-12
610,445,16,4,4,KGID100610,Vyanjana,1983-09-28,2,5,0,2006-04-18
611,452,60,2,1,KGID100611,Mitali,1978-06-05,2,3,0,2017-01-03
612,456,88,1,2,KGID100612,Chanchal,1989-09-07,2,6,0,2007-01-30
613,446,19,4,3,KGID100613,Anirudh,1998-07-23,1,7,0,2005-09-16
614,453,66,5,3,KGID100614,Gaurang,1999-04-06,1,3,0,2002-05-19
615,443,4,8,2,KGID100615,Sneha,1994-04-19,2,2,0,2005-12-24
616,452,60,3,1,KGID100616,Maanav,1997-04-26,1,1,0,2001-09-24
617,443,8,3,2,KGID100617,Chatresh,1999-01-28,1,7,0,2009-07-19
618,451,48,5,1,KGID100618,Utkarsh,2001-02-19,1,1,0,2014-07-19
619,443,9,8,2,KGID100619,Yatin,1997-09-28,1,2,0,2004-09-23
620,450,43,1,4,KGID100620,Zayyan,1983-06-03,1,1,0,2006-02-18
621,446,22,7,4,KGID100621,Dayita,1978-10-01,2,1,0,2019-01-20
622,451,49,3,3,KGID100622,Lavanya,1991-12-10,2,4,0,2001-11-05
623,446,24,5,4,KGID100623,Pahal,1994-05-24,2,3,0,2015-02-18
624,443,5,5,4,KGID100624,Gopal,1973-06-22,1,7,0,2022-01-20
625,454,71,1,1,KGID100625,Tanmayi,1995-08-17,2,5,0,2013-11-15
626,451,50,7,2,KGID100626,Caleb,1981-02-18,1,4,0,2003-10-19
627,455,81,7,3,KGID100627,Ekaraj,1983-09-28,1,8,0,2023-12-19
628,454,70,6,3,KGID100628,Aarini,1976-05-16,2,7,0,2007-02-28
629,448,35,1,3,KGID100629,Kiaan,1999-12-12,1,4,0,2008-10-02
630,443,4,1,4,KGID100630,Aashi,1976-05-26,2,6,0,2010-02-19
631,454,75,3,1,KGID100631,Jacob,1969-08-14,1,4,0,2004-05-06
632,455,85,5,1,KGID100632,Mitesh,1972-12-08,1,4,0,2017-12-21
633,454,74,6,2,KGID100633,Nimrat,1990-12-23,2,3,0,2016-11-01
634,447,31,6,1,KGID100634,Neelima,1980-01-02,2,6,0,2006-10-22
635,454,73,4,4,KGID100635,Ekalinga,1983-10-07,1,5,0,2012-06-04
636,446,23,1,1,KGID100636,Ridhi,1981-08-24,2,1,0,2014-09-09
637,447,30,1,4,KGID100637,Warinder,1993-04-04,1,1,0,2020-10-02
638,450,43,3,3,KGID100638,Ikbal,1993-05-30,1,3,0,2017-11-01
639,449,42,1,2,KGID100639,Banjeet,1985-05-17,1,3,0,2014-03-08
640,445,15,2,3,KGID100640,Radhika,1970-02-28,2,7,0,2015-01-17
641,454,76,6,3,KGID100641,Azaan,1995-09-08,1,6,0,2023-03-05
642,446,18,7,4,KGID100642,Harrison,1986-12-24,1,6,0,2005-02-07
643,446,23,4,2,KGID100643,Omisha,1996-07-23,2,7,0,2012-02-10
644,449,40,3,2,KGID100644,Ishanvi,1991-11-19,2,1,0,2013-03-28
645,456,90,1,2,KGID100645,Yashodhara,1982-08-27,2,6,0,2002-11-04
646,455,79,2,4,KGID100646,Dominic,1984-12-16,1,3,0,2012-06-20
647,450,43,4,3,KGID100647,Ayush,1986-07-04,1,6,0,2017-08-26
648,446,22,6,4,KGID100648,Mitesh,1992-02-06,1,1,0,2011-01-04
649,448,34,4,1,KGID100649,Aarav,1992-11-12,1,6,0,2015-05-21
650,448,33,1,1,KGID100650,Arin,1981-11-29,1,7,0,2018-04-25
651,452,57,3,4,KGID100651,Bhanumati,1999-04-14,2,8,0,2003-03-01
652,451,49,9,4,KGID100652,Vrishti,1968-08-02,2,2,0,2011-04-27
653,453,62,3,4,KGID100653,Ekansh,1993-07-18,1,2,0,2024-12-26
654,443,5,1,3,KGID100654,Ucchal,1980-03-28,2,5,0,2022-11-24
655,445,14,6,2,KGID100655,Udarsh,1997-01-27,1,7,0,2023-04-08
656,446,21,9,1,KGID100656,Raghav,1970-03-27,1,6,0,2024-08-23
657,454,77,1,4,KGID100657,Ekani,1989-09-23,2,3,0,2009-11-08
658,454,78,3,1,KGID100658,Hemal,2001-04-07,2,2,0,2010-12-10
659,450,43,4,4,KGID100659,Devansh,1992-04-03,1,5,0,2006-11-07
660,455,85,5,2,KGID100660,Aadhya,1993-03-20,2,2,0,2024-12-27
661,443,7,9,4,KGID100661,Vedika,1990-05-29,2,3,0,2014-07-29
662,443,7,1,4,KGID100662,Zinal,1980-05-27,2,2,0,2007-01-08
663,449,38,4,1,KGID100663,Veda,1979-04-11,2,1,0,2008-02-15
664,447,27,5,1,KGID100664,Daksh,1968-08-08,1,8,0,2017-05-08
665,445,15,7,4,KGID100665,Adweta,1975-09-09,2,8,0,2003-02-14
666,455,85,2,4,KGID100666,Anika,1982-09-08,2,3,0,2017-08-20
667,451,48,6,2,KGID100667,Arunima,1975-10-30,2,8,0,2002-07-27
668,443,6,8,4,KGID100668,Urvashi,1975-06-23,2,5,0,2006-09-21
669,447,29,1,2,KGID100669,Baghyawati,1972-04-09,2,2,0,2025-05-07
670,444,11,9,4,KGID100670,Kamala,1995-03-31,2,4,0,2019-01-23
671,454,71,7,4,KGID100671,Nathaniel,1987-02-21,1,8,0,2020-01-18
672,454,74,8,3,KGID100672,Naveen,1975-07-25,1,2,0,2022-07-15
673,451,51,9,2,KGID100673,Indrajit,1981-07-27,1,2,0,2008-02-10
674,457,97,3,2,KGID100674,Harita,1988-10-16,2,4,0,2011-10-05
675,446,25,1,4,KGID100675,Yug,1969-02-06,1,2,0,2009-10-09
676,456,88,4,2,KGID100676,Sai,1994-03-23,2,5,0,2009-02-26
677,449,41,2,4,KGID100677,Sathvik,1981-05-22,1,7,0,2008-09-14
678,454,71,5,4,KGID100678,Hiral,1993-02-27,2,1,0,2012-11-14
679,456,90,2,4,KGID100679,Jeevika,1977-09-24,2,3,0,2018-06-27
680,446,19,2,1,KGID100680,Vincent,1998-08-11,1,5,0,2015-01-02
681,453,69,7,3,KGID100681,Turvi,1986-06-15,2,7,0,2004-09-22
682,455,84,8,1,KGID100682,Keya,1976-03-05,2,3,0,2009-06-07
683,448,36,3,4,KGID100683,Chaaya,1998-11-12,2,1,0,2021-11-02
684,451,51,4,1,KGID100684,Charita,1985-09-20,2,8,0,2021-05-30
685,448,35,1,3,KGID100685,Ati,1976-08-20,2,5,0,2017-09-03
686,449,40,8,1,KGID100686,Anusha,1997-03-18,2,4,0,2006-01-09
687,446,18,8,3,KGID100687,Janani,1983-10-22,2,5,0,2022-05-16
688,457,94,2,2,KGID100688,Osha,1977-10-25,2,8,0,2023-04-28
689,447,28,8,3,KGID100689,Jagvi,1999-05-16,2,1,0,2024-08-05
690,453,66,2,3,KGID100690,Daniel,1992-11-25,1,7,0,2019-08-11
691,446,18,3,2,KGID100691,Jairaj,1991-02-27,1,4,0,2018-05-25
692,443,8,1,4,KGID100692,Rushil,1998-08-15,1,1,0,2014-10-03
693,450,47,5,3,KGID100693,Lohit,1980-06-13,1,8,0,2014-04-25
694,453,65,2,1,KGID100694,Rachita,1977-12-29,2,4,0,2010-02-20
695,451,48,8,2,KGID100695,Yadavi,1983-05-09,2,8,0,2020-10-09
696,454,76,6,2,KGID100696,Vrinda,1993-05-27,2,5,0,2009-03-11
697,457,96,5,1,KGID100697,Harsh,1980-02-10,1,7,0,2011-06-11
698,443,7,4,2,KGID100698,Indrajit,1992-09-16,1,4,0,2001-11-24
699,456,87,5,4,KGID100699,Sathvik,1977-07-17,1,1,0,2006-03-20
700,456,88,8,2,KGID100700,Ishwar,1980-06-03,1,3,0,2021-07-04
701,454,77,4,3,KGID100701,Zaid,1986-03-25,1,5,0,2024-02-24
702,457,92,7,4,KGID100702,Pahal,1976-04-03,2,6,0,2021-03-23
703,452,59,4,4,KGID100703,Xalak,1983-03-06,2,5,0,2019-02-03
704,456,87,2,1,KGID100704,Qushi,1973-04-06,2,6,0,2018-10-17
705,454,72,5,1,KGID100705,Wishi,1973-10-06,2,8,0,2022-11-07
706,443,9,5,3,KGID100706,Bhanumati,1985-04-27,2,5,0,2021-08-23
707,448,34,4,2,KGID100707,Bishakha,1999-08-24,2,4,0,2017-07-17
708,443,8,6,2,KGID100708,Aarini,1981-07-12,2,1,0,2021-09-22
709,455,84,5,3,KGID100709,Kala,1969-10-26,2,7,0,2005-02-17
710,451,52,1,2,KGID100710,Janani,1984-09-13,2,6,0,2010-06-19
711,457,93,9,4,KGID100711,Wyatt,1989-12-03,1,6,0,2001-11-19
712,453,65,3,2,KGID100712,Zinal,1986-04-06,2,5,0,2001-10-16
713,444,13,3,3,KGID100713,Zilmil,1992-01-23,2,3,0,2014-05-13
714,456,88,2,2,KGID100714,Mekhala,1968-02-02,2,6,0,2021-01-08
715,447,29,7,3,KGID100715,Upasna,1994-12-01,2,6,0,2023-05-05
716,448,34,8,1,KGID100716,Damyanti,1998-09-21,2,8,0,2014-02-03
717,443,7,8,2,KGID100717,Jai,1974-01-12,1,2,0,2014-02-21
718,456,88,9,3,KGID100718,Raagini,1976-08-05,2,7,0,2011-01-12
719,443,7,3,2,KGID100719,Rachit,2000-02-15,1,6,0,2012-07-10
720,451,53,3,3,KGID100720,Keya,2001-03-05,2,3,0,2006-12-05
721,444,11,6,2,KGID100721,Chaitaly,1989-09-25,2,6,0,2022-02-07
722,455,82,1,4,KGID100722,Amol,1970-09-08,1,5,0,2010-08-11
723,447,27,3,4,KGID100723,Wazir,1969-05-31,1,2,0,2001-09-25
724,445,17,7,4,KGID100724,Harinakshi,1970-04-26,2,7,0,2021-10-17
725,453,62,1,1,KGID100725,Oni,1986-09-30,2,4,0,2022-02-05
726,457,94,1,3,KGID100726,Charvi,1997-12-06,2,4,0,2023-07-26
727,443,3,4,2,KGID100727,Ishwar,1974-09-11,1,6,0,2022-05-05
728,449,40,2,4,KGID100728,Wazir,1976-09-21,1,5,0,2023-09-08
729,446,22,1,3,KGID100729,Logan,1998-01-31,1,5,0,2015-01-12
730,452,59,7,2,KGID100730,Anamika,1973-08-09,2,6,0,2021-11-30
731,453,63,4,2,KGID100731,Adweta,2000-03-13,2,7,0,2015-08-06
732,443,3,4,2,KGID100732,Rushil,1999-02-02,1,4,0,2008-09-09
733,457,94,9,2,KGID100733,Jai,1986-10-10,1,2,0,2021-11-22
734,450,47,7,3,KGID100734,Noah,1980-07-22,1,1,0,2019-04-05
735,454,77,2,1,KGID100735,Balveer,1984-07-14,1,1,0,2024-11-20
736,456,89,7,4,KGID100736,Avi,1970-10-30,1,7,0,2007-01-29
737,445,16,8,2,KGID100737,Bishakha,1979-02-01,2,4,0,2019-12-18
738,456,89,5,4,KGID100738,Rushil,2000-06-14,1,2,0,2009-05-04
739,455,85,3,4,KGID100739,Madhavi,1994-02-23,2,2,0,2012-04-27
740,453,66,5,1,KGID100740,Ishaan,1979-08-09,1,2,0,2024-02-04
741,453,64,4,3,KGID100741,Tarak,1973-10-27,1,4,0,2015-07-27
742,450,46,5,2,KGID100742,Sachi,1970-06-03,2,1,0,2016-05-09
743,454,71,4,4,KGID100743,Krishna,1991-10-03,2,6,0,2003-06-24
744,447,31,1,1,KGID100744,Faraj,1980-06-05,1,2,0,2020-04-26
745,454,74,3,1,KGID100745,Ganga,1992-08-27,2,2,0,2009-02-08
746,457,93,5,2,KGID100746,Chatresh,1970-08-14,1,8,0,2024-02-20
747,449,38,8,1,KGID100747,Vamakshi,1979-09-29,2,2,0,2007-12-25
748,446,23,5,3,KGID100748,Dominic,1970-06-23,1,6,0,2011-11-07
749,451,55,2,1,KGID100749,Samar,1971-01-07,1,1,0,2003-08-29
750,446,18,6,3,KGID100750,Chakradhar,1987-10-21,1,8,0,2020-05-01
751,455,80,2,3,KGID100751,Sanya,1967-12-05,2,6,0,2011-06-10
752,446,24,7,4,KGID100752,Brijesh,1992-02-25,1,8,0,2014-12-08
753,448,35,8,4,KGID100753,Keya,1986-12-15,2,3,0,2005-07-30
754,445,15,1,2,KGID100754,Ranveer,1973-04-09,1,2,0,2007-12-18
755,451,54,8,2,KGID100755,Lipika,1984-04-10,2,7,0,2003-01-10
756,450,46,3,4,KGID100756,Teerth,1976-11-21,1,8,0,2008-09-13
757,445,15,8,1,KGID100757,Brinda,1979-10-14,2,2,0,2024-03-02
758,448,34,1,2,KGID100758,Yachana,1987-09-12,2,6,0,2006-03-14
759,453,67,7,2,KGID100759,Chatresh,1972-02-11,1,8,0,2001-09-02
760,450,45,3,1,KGID100760,Siya,1978-10-20,2,1,0,2016-05-22
761,455,83,9,4,KGID100761,Nitesh,1982-06-23,1,8,0,2011-11-04
762,446,22,8,3,KGID100762,Ekansh,1977-09-21,1,4,0,2015-12-26
763,450,43,1,2,KGID100763,Irya,1983-10-17,2,7,0,2005-10-08
764,451,52,2,4,KGID100764,Rushil,2000-06-11,1,8,0,2008-07-02
765,454,74,2,4,KGID100765,Xalak,2000-05-30,2,8,0,2020-04-10
766,449,41,8,1,KGID100766,Nicholas,1980-04-17,1,2,0,2021-02-06
767,451,52,1,1,KGID100767,Shravya,1979-12-02,2,2,0,2023-11-16
768,454,78,9,2,KGID100768,Irya,1987-08-23,2,8,0,2014-08-08
769,450,44,1,2,KGID100769,Amara,1999-11-29,2,8,0,2012-08-02
770,450,43,6,4,KGID100770,Jagrati,1982-06-01,2,2,0,2008-07-01
771,444,13,1,3,KGID100771,Bakhshi,1995-05-09,1,6,0,2020-08-07
772,455,82,9,3,KGID100772,Tara,1990-05-22,2,2,0,2004-11-05
773,443,6,8,2,KGID100773,Max,1975-09-26,1,7,0,2017-04-25
774,445,14,4,2,KGID100774,Udyati,1994-05-03,2,2,0,2003-04-14
775,451,51,8,2,KGID100775,Wriddhish,1987-04-21,1,6,0,2014-05-01
776,445,14,1,1,KGID100776,Ubika,1985-12-28,2,8,0,2020-06-25
777,452,59,8,1,KGID100777,Pranit,1991-05-13,1,1,0,2020-12-31
778,454,71,8,2,KGID100778,Chaman,1971-03-24,2,3,0,2007-06-19
779,457,94,2,4,KGID100779,Peter,1973-02-28,1,6,0,2016-03-18
780,453,65,7,2,KGID100780,Sudiksha,2000-05-18,2,5,0,2009-06-19
781,451,51,5,4,KGID100781,Upasna,1971-02-09,2,3,0,2003-11-16
782,446,18,9,3,KGID100782,Janya,1984-11-14,2,6,0,2013-12-16
783,457,92,4,2,KGID100783,Indrajit,1982-08-31,1,5,0,2010-11-23
784,456,88,3,2,KGID100784,Yamini,1972-08-19,2,6,0,2025-06-13
785,457,91,6,4,KGID100785,Wyatt,1971-01-23,1,7,0,2011-06-29
786,456,87,7,1,KGID100786,Chaman,1971-06-15,2,2,0,2024-01-31
787,443,4,3,1,KGID100787,Ekta,1979-05-08,2,1,0,2009-09-27
788,446,26,3,3,KGID100788,Ishanvi,1985-03-23,2,5,0,2009-11-12
789,446,19,5,2,KGID100789,Chanakya,1982-05-28,1,1,0,2018-03-25
790,450,46,2,2,KGID100790,Odika,1969-10-16,2,7,0,2002-07-31
791,447,31,1,4,KGID100791,Deepa,1968-04-10,2,7,0,2009-09-28
792,451,54,9,1,KGID100792,Darika,1990-07-13,2,1,0,2005-06-14
793,457,96,4,4,KGID100793,Keya,1985-01-19,2,4,0,2014-10-02
794,455,82,9,2,KGID100794,Oni,1986-07-17,2,4,0,2024-07-04
795,449,38,3,1,KGID100795,Kala,1994-08-19,2,3,0,2016-08-14
796,446,23,7,1,KGID100796,Girik,1989-04-14,1,7,0,2011-11-17
797,448,36,3,2,KGID100797,Amrita,1992-07-30,2,5,0,2022-09-13
798,443,1,8,2,KGID100798,Varenya,1987-08-23,2,1,0,2010-11-03
799,446,20,1,3,KGID100799,Jalsa,1974-07-03,2,8,0,2019-07-25
800,454,74,2,3,KGID100800,Bhavika,1987-02-20,2,4,0,2020-09-10
801,446,24,9,2,KGID100801,Girik,1979-12-11,1,7,0,2006-03-28
802,454,70,2,3,KGID100802,Deepa,1976-06-05,2,4,0,2022-03-18
803,447,28,6,3,KGID100803,Zarna,2000-05-07,2,5,0,2009-01-10
804,447,28,9,1,KGID100804,Sara,1988-04-16,2,2,0,2015-08-06
805,455,86,8,2,KGID100805,Priya,1979-06-23,2,4,0,2012-06-30
806,443,6,7,1,KGID100806,Harini,1995-03-05,2,7,0,2018-06-13
807,448,33,1,3,KGID100807,Neha,1998-09-29,2,8,0,2015-09-02
808,453,63,5,2,KGID100808,Ekalinga,1978-02-26,1,6,0,2007-03-27
809,453,66,2,2,KGID100809,Dalbir,1973-09-24,1,1,0,2018-02-23
810,455,81,4,2,KGID100810,Rishi,1981-09-23,1,7,0,2004-10-25
811,445,14,9,4,KGID100811,Rehaan,1981-11-21,1,2,0,2013-03-09
812,457,96,1,4,KGID100812,Gabriel,1986-05-17,1,6,0,2013-04-04
813,443,5,2,1,KGID100813,Ekaraj,1973-11-13,1,3,0,2021-09-18
814,448,33,4,3,KGID100814,Avi,1996-12-07,1,7,0,2024-05-07
815,451,50,7,4,KGID100815,Watika,1972-02-24,2,6,0,2021-01-26
816,443,3,2,1,KGID100816,Yashawini,1989-09-17,2,2,0,2011-04-30
817,457,97,2,3,KGID100817,Yatan,1981-08-21,1,2,0,2021-08-30
818,449,38,2,3,KGID100818,Wishi,1973-03-12,2,8,0,2015-01-28
819,451,49,1,4,KGID100819,Januja,1977-06-09,2,3,0,2008-02-08
820,453,69,3,4,KGID100820,Maanas,1973-03-23,1,5,0,2012-06-25
821,455,82,5,3,KGID100821,Yug,1986-03-14,1,1,0,2004-03-23
822,454,71,2,1,KGID100822,Dakshesh,1976-08-12,1,1,0,2014-07-17
823,454,74,9,1,KGID100823,Rajeshri,1985-12-08,2,5,0,2019-09-02
824,447,27,4,4,KGID100824,Urvi,1986-01-31,2,3,0,2025-04-05
825,446,21,4,3,KGID100825,Charan,1992-07-13,1,4,0,2017-03-12
826,445,15,1,4,KGID100826,Jatin,1977-08-18,1,2,0,2025-06-27
827,449,38,5,1,KGID100827,Umang,1976-06-10,1,4,0,2022-03-14
828,457,93,6,3,KGID100828,Chameli,1982-06-08,2,3,0,2025-05-12
829,455,86,2,3,KGID100829,Jagat,1974-08-23,1,2,0,2019-03-18
830,446,25,8,4,KGID100830,Pushti,1996-10-13,2,6,0,2016-02-25
831,455,79,3,3,KGID100831,Upadhriti,1973-02-24,2,6,0,2004-11-06
832,451,55,1,3,KGID100832,Harshil,1995-03-03,1,4,0,2020-11-01
833,447,29,5,3,KGID100833,Pushti,1985-08-09,2,3,0,2015-10-31
834,456,87,8,4,KGID100834,Hamsini,1978-07-06,2,8,0,2018-05-28
835,450,46,8,1,KGID100835,Mohini,1986-12-24,2,3,0,2024-05-12
836,455,83,5,2,KGID100836,Champak,1972-02-12,1,4,0,2019-07-05
837,448,34,2,1,KGID100837,Samesh,1998-09-30,1,1,0,2025-04-29
838,454,75,4,1,KGID100838,Edhitha,1991-05-11,2,5,0,2004-09-10
839,454,70,3,3,KGID100839,Eta,1991-09-11,2,7,0,2021-05-22
840,447,29,3,4,KGID100840,Shravya,1984-02-24,2,2,0,2015-05-14
841,451,51,9,1,KGID100841,Lipika,1988-11-07,2,4,0,2010-07-06
842,455,79,9,2,KGID100842,Baljiwan,1989-01-19,1,8,0,2022-08-18
843,446,21,3,4,KGID100843,Chakradhar,1981-03-16,1,6,0,2019-07-03
844,443,6,8,2,KGID100844,Qarin,1982-12-19,1,2,0,2013-03-21
845,448,34,4,1,KGID100845,Aadhya,1997-01-18,2,4,0,2021-11-02
846,453,67,7,4,KGID100846,Charita,1992-05-11,2,8,0,2012-07-05
847,443,6,6,1,KGID100847,Praneel,1996-05-30,1,5,0,2020-08-08
848,457,95,9,2,KGID100848,Sneha,1974-11-30,2,7,0,2011-10-26
849,455,84,6,1,KGID100849,Jagvi,1984-04-29,2,5,0,2009-04-03
850,451,49,9,4,KGID100850,Lucky,1978-12-28,1,6,0,2015-05-18
851,450,45,8,1,KGID100851,Watika,1994-04-23,2,3,0,2022-12-19
852,452,57,4,1,KGID100852,Arjun,1969-01-25,1,5,0,2016-07-14
853,447,28,3,2,KGID100853,Victor,1968-01-23,1,6,0,2023-10-24
854,454,78,4,4,KGID100854,Farhan,1982-07-06,1,6,0,2001-07-10
855,457,93,8,4,KGID100855,Tanish,1974-05-21,1,8,0,2018-01-12
856,447,27,7,1,KGID100856,Dominic,1997-07-02,1,4,0,2008-10-01
857,443,6,3,2,KGID100857,Laksh,1970-09-06,1,1,0,2010-02-27
858,454,74,1,2,KGID100858,Benjamin,1980-02-24,1,5,0,2023-03-13
859,446,24,1,3,KGID100859,Gayathri,1969-04-08,2,2,0,2016-07-09
860,447,28,8,4,KGID100860,Kamala,1982-02-06,2,3,0,2003-09-12
861,447,29,3,2,KGID100861,Charvi,1967-07-18,2,5,0,2012-12-13
862,446,22,8,1,KGID100862,Ekaja,1987-09-10,2,4,0,2013-12-21
863,451,49,3,1,KGID100863,Vamakshi,1967-10-28,2,1,0,2018-03-14
864,446,26,3,1,KGID100864,Dipta,2001-02-07,2,3,0,2011-08-23
865,453,61,9,1,KGID100865,Dominic,1983-10-01,1,2,0,2007-01-01
866,453,62,9,1,KGID100866,Chaitanya,1992-05-09,1,7,0,2003-12-19
867,453,67,6,1,KGID100867,Nirja,1980-01-02,2,7,0,2008-09-08
868,447,30,7,3,KGID100868,Sai,1993-10-21,2,2,0,2019-08-01
869,451,55,5,4,KGID100869,Ekalinga,1989-04-27,1,4,0,2017-10-04
870,444,11,9,4,KGID100870,Bhavya,1985-07-18,2,5,0,2001-09-17
871,446,25,1,1,KGID100871,Fitan,1982-06-21,1,1,0,2018-11-05
872,451,49,6,4,KGID100872,Faqid,1998-10-14,1,6,0,2016-04-16
873,445,14,7,3,KGID100873,Timothy,1996-09-29,1,5,0,2003-08-03
874,453,69,6,3,KGID100874,Daksha,1972-04-07,2,7,0,2004-06-18
875,457,97,7,4,KGID100875,Rehaan,1979-06-17,1,3,0,2011-10-24
876,451,48,5,3,KGID100876,Ekiya,1975-12-07,2,6,0,2016-12-23
877,457,91,3,1,KGID100877,Kritika,1986-04-28,2,4,0,2015-11-28
878,452,58,2,2,KGID100878,Lucky,1993-12-29,1,7,0,2018-01-29
879,450,44,3,4,KGID100879,Matthew,1974-06-29,1,1,0,2016-01-27
880,444,12,8,4,KGID100880,Girindra,1992-12-07,1,2,0,2008-08-07
881,443,9,4,3,KGID100881,Avni,1994-02-27,2,2,0,2020-07-22
882,454,78,7,4,KGID100882,Jagdish,1984-05-02,1,5,0,2004-03-19
883,457,92,3,4,KGID100883,Zaid,1989-03-15,1,8,0,2003-03-19
884,443,2,9,3,KGID100884,Abeer,2001-01-23,1,4,0,2023-12-02
885,443,5,3,1,KGID100885,Dominic,1980-08-29,1,6,0,2021-08-22
886,447,31,3,1,KGID100886,Shivansh,1979-12-07,1,5,0,2017-11-23
887,451,52,7,4,KGID100887,Vrishti,1999-12-17,2,4,0,2019-12-30
888,453,67,2,1,KGID100888,Abhiram,1987-06-24,1,5,0,2001-11-02
889,457,93,6,3,KGID100889,Janaki,1968-11-10,2,4,0,2002-12-17
890,454,78,8,4,KGID100890,Rushil,1984-09-24,1,1,0,2016-08-04
891,448,34,7,1,KGID100891,Zashil,1993-08-03,1,2,0,2011-09-03
892,453,65,6,1,KGID100892,Suhani,1970-04-23,2,5,0,2014-05-20
893,453,69,8,4,KGID100893,Ganga,1976-12-09,2,8,0,2008-12-11
894,447,32,8,4,KGID100894,Yashodhara,1998-10-26,2,1,0,2024-11-20
895,453,62,5,1,KGID100895,Faras,1985-09-29,1,7,0,2010-11-19
896,455,82,4,3,KGID100896,Bachittar,1978-01-19,1,7,0,2012-01-03
897,450,46,5,2,KGID100897,Jagdish,1969-06-23,1,5,0,2003-07-30
898,444,12,6,1,KGID100898,Urishilla,1971-06-14,2,3,0,2016-03-14
899,453,61,6,2,KGID100899,Baghyawati,1978-01-09,2,5,0,2019-04-22
900,446,24,8,2,KGID100900,Gagan,1971-07-27,1,4,0,2018-06-30
901,457,95,5,2,KGID100901,Abdul,1973-01-28,1,4,0,2024-05-18
902,446,26,6,2,KGID100902,Kai,1973-03-08,1,2,0,2004-07-21
903,445,16,8,1,KGID100903,Krish,1992-06-05,1,1,0,2004-05-04
904,453,62,6,4,KGID100904,Amruta,1978-11-24,2,5,0,2011-10-24
905,453,63,9,3,KGID100905,Azad,1976-06-12,1,7,0,2024-11-27
906,447,29,1,4,KGID100906,Balvan,1984-05-17,1,8,0,2013-10-07
907,454,70,9,3,KGID100907,Ayaan,1984-06-29,1,7,0,2015-02-10
908,456,88,8,1,KGID100908,Qarin,1972-11-08,1,8,0,2020-01-25
909,449,41,1,2,KGID100909,Dalbir,1975-04-10,1,7,0,2013-09-19
910,454,75,6,3,KGID100910,Anthony,1996-09-14,1,5,0,2001-10-20
911,446,24,4,3,KGID100911,Aradhana,1983-07-19,2,8,0,2010-09-12
912,455,79,6,2,KGID100912,Falguni,1973-08-04,2,8,0,2024-07-21
913,451,55,7,3,KGID100913,Andrew,1986-04-22,1,6,0,2023-06-10
914,451,52,8,2,KGID100914,Ubika,1975-02-21,2,3,0,2007-06-20
915,454,74,2,3,KGID100915,Nathaniel,1976-09-23,1,4,0,2003-05-18
916,454,72,7,2,KGID100916,Ria,1971-07-26,2,3,0,2017-08-31
917,457,95,8,1,KGID100917,Atharv,1973-08-09,1,3,0,2020-10-23
918,451,54,3,3,KGID100918,Aradhana,1999-12-12,2,8,0,2003-03-01
919,449,39,9,1,KGID100919,Vidhi,1996-12-14,2,7,0,2020-01-26
920,444,13,1,2,KGID100920,Nachiket,1978-08-20,1,5,0,2014-10-12
921,453,61,8,3,KGID100921,Aayush,1980-01-19,1,5,0,2008-07-03
922,450,47,9,3,KGID100922,Nidra,1992-08-26,2,6,0,2007-05-01
923,443,3,2,3,KGID100923,Raksha,1987-08-17,2,4,0,2013-05-07
924,454,74,5,3,KGID100924,Guneet,1992-05-30,1,6,0,2014-08-16
925,456,87,8,1,KGID100925,Krisha,1972-08-16,2,7,0,2023-11-19
926,455,79,8,2,KGID100926,Amaira,1975-06-06,2,3,0,2009-10-27
927,455,82,7,4,KGID100927,Aarna,1999-11-04,2,2,0,2001-07-17
928,444,11,6,2,KGID100928,Raghav,1996-05-16,1,6,0,2018-12-17
929,449,41,5,4,KGID100929,Damini,1974-06-26,2,5,0,2025-02-06
930,452,57,9,4,KGID100930,Ubika,1984-03-27,2,7,0,2002-12-11
931,446,22,1,2,KGID100931,Ekavir,1991-09-15,1,4,0,2003-09-28
932,455,85,2,2,KGID100932,Kala,1998-01-06,2,3,0,2013-12-24
933,451,51,2,1,KGID100933,Quincy,1983-02-04,1,8,0,2019-06-16
934,454,71,1,4,KGID100934,Champak,1984-09-09,1,2,0,2016-10-19
935,445,14,3,1,KGID100935,Shravya,1970-01-19,2,7,0,2015-02-18
936,449,40,4,3,KGID100936,Teerth,1990-01-11,1,8,0,2004-08-23
937,455,81,3,2,KGID100937,Madhav,1976-05-19,1,1,0,2009-01-25
938,443,5,6,4,KGID100938,Shravya,1991-05-02,2,8,0,2019-02-26
939,454,70,9,4,KGID100939,Nitara,1982-11-25,2,3,0,2007-02-11
940,456,90,8,4,KGID100940,Harrison,1972-02-19,1,5,0,2019-12-28
941,450,45,9,2,KGID100941,Darika,1972-10-16,2,2,0,2005-06-14
942,452,57,6,4,KGID100942,Vidhi,1978-03-08,2,5,0,2004-05-28
943,446,20,1,1,KGID100943,Rachita,2000-04-21,2,3,0,2006-06-28
944,450,45,8,1,KGID100944,Nikita,1983-04-06,2,8,0,2021-12-19
945,457,97,5,1,KGID100945,Chandani,1972-11-12,2,7,0,2017-12-21
946,449,38,1,3,KGID100946,Anmol,1974-10-26,1,4,0,2022-01-23
947,451,53,7,2,KGID100947,Falak,1970-08-10,2,3,0,2007-06-19
948,457,92,7,2,KGID100948,Rachana,1980-12-23,2,5,0,2002-09-07
949,444,11,4,3,KGID100949,Netra,1976-05-09,2,5,0,2025-04-13
950,455,84,7,2,KGID100950,Amruta,1999-11-18,2,2,0,2022-01-06
951,446,24,5,1,KGID100951,Jeet,1970-09-23,1,8,0,2003-12-15
952,455,80,5,4,KGID100952,Ekiya,1971-08-21,2,4,0,2002-12-27
953,449,42,3,1,KGID100953,Indrajit,1971-12-14,1,1,0,2021-04-10
954,446,24,5,3,KGID100954,Quincy,1990-11-03,1,3,0,2024-01-03
955,457,92,1,2,KGID100955,Chaman,1987-04-22,2,2,0,2007-09-20
956,446,20,8,2,KGID100956,Baljiwan,1968-03-31,1,6,0,2003-01-21
957,451,54,8,3,KGID100957,Vamakshi,1995-01-09,2,8,0,2003-09-19
958,456,90,6,1,KGID100958,Noah,1971-09-03,1,3,0,2024-02-14
959,443,8,7,1,KGID100959,Arya,1973-03-21,2,8,0,2015-04-13
960,446,24,5,4,KGID100960,Rudra,1984-05-17,1,1,0,2010-09-10
961,445,16,7,4,KGID100961,Tanay,1973-05-20,1,4,0,2006-08-29
962,457,95,4,4,KGID100962,Girik,1976-11-08,1,2,0,2012-03-18
963,453,67,8,4,KGID100963,Falan,1968-09-07,1,5,0,2016-05-14
964,449,42,1,1,KGID100964,Jason,1989-07-07,1,5,0,2013-06-24
965,453,62,4,3,KGID100965,Wakeeta,1969-07-31,2,1,0,2008-03-22
966,455,86,2,2,KGID100966,Ekapad,1981-10-05,1,7,0,2016-12-05
967,449,42,3,3,KGID100967,Jeet,1988-12-14,1,2,0,2020-10-04
968,451,51,1,1,KGID100968,Aditya,2001-02-23,1,8,0,2020-04-09
969,456,89,6,1,KGID100969,Praneel,1983-10-26,1,4,0,2020-04-05
970,446,21,2,3,KGID100970,Pooja,1998-07-16,2,1,0,2013-07-25
971,443,8,3,1,KGID100971,Sara,1976-09-13,2,3,0,2002-02-18
972,453,63,6,3,KGID100972,Imaran,1968-07-02,1,8,0,2020-12-17
973,457,94,1,4,KGID100973,Logan,1969-07-01,1,6,0,2025-04-20
974,457,93,5,1,KGID100974,Praneel,1993-07-31,1,8,0,2025-06-30
975,457,91,9,3,KGID100975,Gauri,1970-11-29,2,8,0,2017-04-09
976,446,25,9,3,KGID100976,Kiaan,1985-08-26,1,6,0,2020-06-30
977,457,94,5,2,KGID100977,Baghyawati,1993-06-26,2,2,0,2024-04-02
978,453,68,8,3,KGID100978,Rishi,1979-07-28,1,5,0,2021-08-24
979,454,70,8,1,KGID100979,Harini,1973-06-29,2,7,0,2015-09-23
980,457,94,1,3,KGID100980,Praneel,1998-08-01,1,4,0,2002-03-09
981,449,42,9,4,KGID100981,Patrick,1999-09-22,1,4,0,2015-01-13
982,453,68,9,2,KGID100982,Ijaya,1995-12-15,2,5,0,2020-12-15
983,449,42,6,1,KGID100983,Xiti,1985-12-09,2,2,0,2005-09-20
984,453,67,1,2,KGID100984,Anirudh,1970-07-29,1,3,0,2007-02-02
985,443,5,2,4,KGID100985,Imaran,1968-03-08,1,4,0,2012-12-23
986,444,13,7,4,KGID100986,Noah,1998-09-19,1,5,0,2006-05-05
987,443,7,4,1,KGID100987,Eiravati,1979-02-03,2,1,0,2005-10-07
988,447,27,2,4,KGID100988,Ojasvi,1969-07-13,2,1,0,2005-01-19
989,450,47,6,1,KGID100989,Ekta,1993-11-01,2,5,0,2021-10-27
990,453,68,2,3,KGID100990,Qabil,2000-03-02,1,2,0,2010-06-22
991,447,28,2,2,KGID100991,Rudra,1987-06-07,1,7,0,2009-08-01
992,446,25,9,2,KGID100992,Neel,1972-02-23,1,3,0,2005-04-15
993,454,72,2,3,KGID100993,Urmi,1994-06-06,2,8,0,2024-07-24
994,456,90,2,2,KGID100994,Nitara,1973-06-06,2,3,0,2024-10-03
995,454,71,9,3,KGID100995,Rachana,1975-02-05,2,3,0,2015-08-23
996,453,69,6,3,KGID100996,Harita,1980-05-16,2,6,0,2019-02-14
997,451,48,7,3,KGID100997,Nandini,1971-11-02,2,4,0,2018-12-31
998,454,73,7,3,KGID100998,Rohan,1996-06-07,1,6,0,2020-01-03
999,452,58,7,1,KGID100999,Anamika,1973-09-12,2,1,0,2009-02-22
1000,448,37,9,2,KGID101000,Indrajit,1989-04-03,1,5,0,2004-01-03
1001,443,1,4,2,KGID101001,Yadavi,1972-04-15,2,6,0,2019-05-24
1002,443,3,9,2,KGID101002,Kashish,1979-04-20,2,2,0,2009-03-05
1003,443,5,6,2,KGID101003,Chanchal,1995-06-12,2,3,0,2017-08-02
1004,448,34,4,2,KGID101004,Oviya,1982-09-10,2,5,0,2007-11-15
1005,449,39,7,2,KGID101005,Jeet,1991-01-28,1,2,0,2009-12-01
1006,457,93,8,2,KGID101006,Darika,1992-01-01,2,8,0,2002-08-31
1007,456,89,5,1,KGID101007,Theodore,1992-05-31,1,7,0,2024-10-06
1008,444,11,6,3,KGID101008,Samuel,1984-04-09,1,7,0,2010-08-06
1009,451,54,4,1,KGID101009,Raghav,1970-12-15,1,7,0,2013-01-05
1010,443,7,9,1,KGID101010,Jeevika,1973-01-14,2,6,0,2003-04-12
1011,454,70,6,2,KGID101011,Anay,1977-07-14,1,3,0,2009-02-26
1012,443,7,8,1,KGID101012,Damini,1970-01-11,2,4,0,2005-08-03
1013,451,56,7,2,KGID101013,Riya,1972-12-23,2,3,0,2003-04-23
1014,450,44,8,1,KGID101014,Chakradhar,1978-12-31,1,7,0,2025-02-24
1015,448,34,7,4,KGID101015,Wyatt,1991-06-18,1,3,0,2011-11-10
1016,457,98,8,2,KGID101016,Fitan,1988-02-27,1,8,0,2011-12-05
1017,451,51,9,2,KGID101017,Avi,1970-12-13,1,4,0,2006-06-10
1018,444,10,7,3,KGID101018,Ikshita,1981-06-03,2,2,0,2014-10-21
1019,445,15,7,3,KGID101019,Libni,1989-12-19,2,6,0,2008-08-23
1020,446,25,6,1,KGID101020,Chasmum,1969-03-12,2,5,0,2015-03-25
1021,446,22,8,2,KGID101021,Xalak,1972-09-23,2,8,0,2010-03-02
1022,443,6,4,3,KGID101022,Tanay,1970-06-27,1,3,0,2021-04-12
1023,457,97,2,1,KGID101023,Wriddhish,1974-04-18,1,4,0,2002-02-15
1024,455,80,5,1,KGID101024,Frederick,1989-03-16,1,6,0,2024-12-14
1025,456,89,5,4,KGID101025,Warjas,1996-03-12,1,8,0,2008-11-27
1026,443,3,4,2,KGID101026,Sneha,1983-07-09,2,4,0,2022-12-25
1027,454,70,9,4,KGID101027,Libni,1970-08-09,2,3,0,2014-07-26
1028,456,89,7,1,KGID101028,George,1980-02-14,1,5,0,2010-08-30
1029,446,22,5,2,KGID101029,Girik,1982-08-31,1,5,0,2007-10-29
1030,443,7,1,1,KGID101030,Vidhi,1976-06-18,2,7,0,2021-08-05
1031,455,85,6,1,KGID101031,Bhavani,1972-08-23,2,1,0,2018-03-22
1032,449,38,4,4,KGID101032,Chasmum,1970-06-03,2,2,0,2009-10-04
1033,449,41,9,1,KGID101033,Triveni,2000-07-06,2,3,0,2015-08-29
1034,446,26,9,1,KGID101034,Bhavani,1996-02-04,2,1,0,2021-02-23
1035,447,32,6,4,KGID101035,Ubika,2000-05-04,2,7,0,2017-12-30
1036,457,96,1,3,KGID101036,Wazir,1986-12-24,1,6,0,2007-03-01
1037,450,46,4,3,KGID101037,Netra,1970-03-11,2,1,0,2023-03-04
1038,455,81,7,1,KGID101038,Anika,1984-07-30,2,5,0,2023-02-12
1039,447,29,6,4,KGID101039,Ethan,1971-08-06,1,3,0,2019-09-05
1040,444,12,9,2,KGID101040,Harini,1999-10-11,2,7,0,2005-07-09
1041,447,31,7,3,KGID101041,Hitesh,1994-12-30,1,6,0,2004-07-15
1042,452,58,4,2,KGID101042,Siddharth,1970-03-04,1,4,0,2017-11-25
1043,446,18,9,2,KGID101043,Isha,2001-06-01,2,7,0,2016-07-23
1044,446,19,6,1,KGID101044,Kai,1978-05-18,1,2,0,2018-12-16
1045,446,24,3,1,KGID101045,Bhavna,1970-06-19,2,6,0,2014-11-10
1046,451,53,5,4,KGID101046,Omaja,1996-08-19,2,5,0,2013-12-24
1047,446,20,2,2,KGID101047,Abeer,1994-04-02,1,3,0,2016-06-17
1048,443,4,4,2,KGID101048,Yutika,1994-01-31,2,4,0,2004-03-17
1049,456,88,6,1,KGID101049,Falan,1972-07-18,1,8,0,2015-08-14
1050,446,18,6,2,KGID101050,Daksha,1998-12-15,2,7,0,2015-01-04
1051,453,63,3,2,KGID101051,Daksha,1994-03-23,2,4,0,2022-04-29
1052,447,29,7,1,KGID101052,Orinder,1997-05-10,1,5,0,2007-11-06
1053,451,53,4,2,KGID101053,Xavier,1986-12-15,1,2,0,2012-11-10
1054,446,23,8,3,KGID101054,Harini,1976-11-14,2,8,0,2004-12-16
1055,447,32,7,1,KGID101055,Suhani,1968-10-28,2,7,0,2022-11-09
1056,457,93,7,1,KGID101056,Oni,1990-12-26,2,2,0,2002-09-10
1057,452,58,1,2,KGID101057,Vyanjana,1998-10-25,2,7,0,2023-01-13
1058,457,95,9,4,KGID101058,Advaith,1978-12-29,1,1,0,2020-07-21
1059,446,25,8,4,KGID101059,Nimrat,1977-01-14,2,5,0,2013-04-22
1060,448,37,3,4,KGID101060,Chavvi,2000-07-28,2,5,0,2006-12-24
1061,455,79,9,2,KGID101061,Mason,2000-08-18,1,8,0,2012-02-21
1062,455,83,2,1,KGID101062,Oeshi,1976-08-31,2,3,0,2011-07-06
1063,454,75,7,4,KGID101063,Chaitanya,1973-11-23,1,6,0,2006-07-31
1064,452,58,3,4,KGID101064,Samar,1992-09-12,1,4,0,2019-09-25
1065,452,59,5,3,KGID101065,Rachit,1995-06-04,1,3,0,2013-11-15
1066,457,92,2,1,KGID101066,Fariq,1969-09-26,1,8,0,2018-07-15
1067,455,82,2,4,KGID101067,Tamanna,1972-02-13,2,3,0,2021-12-08
1068,451,49,1,2,KGID101068,Amrita,1973-05-31,2,6,0,2022-07-05
1069,454,73,3,2,KGID101069,Harish,1995-12-19,1,3,0,2007-06-30
1070,457,92,7,3,KGID101070,Vedant,1969-03-23,1,5,0,2010-02-26
1071,457,94,5,2,KGID101071,Ira,1976-10-27,2,2,0,2021-04-09
1072,445,17,1,3,KGID101072,Zayyan,1981-01-01,1,1,0,2023-08-29
1073,452,59,8,1,KGID101073,Amruta,1975-09-25,2,8,0,2013-03-28
1074,447,31,8,4,KGID101074,Udant,1973-07-18,1,7,0,2022-05-25
1075,452,57,1,2,KGID101075,Parth,1979-03-19,1,5,0,2021-08-11
1076,455,80,1,2,KGID101076,Kai,1992-12-21,1,3,0,2018-01-14
1077,443,8,1,2,KGID101077,Meghana,1968-06-09,2,1,0,2002-09-13
1078,455,86,6,1,KGID101078,Jalsa,1996-08-25,2,1,0,2017-01-16
1079,445,14,3,2,KGID101079,Ishanvi,1976-08-27,2,5,0,2011-05-03
1080,455,79,8,3,KGID101080,Advaith,1996-11-26,1,1,0,2024-09-18
1081,444,12,6,3,KGID101081,Aarna,1983-08-17,2,7,0,2004-09-06
1082,443,9,9,1,KGID101082,Harini,1987-12-12,2,5,0,2001-09-17
1083,453,61,2,3,KGID101083,Jonathan,1988-03-11,1,6,0,2024-02-20
1084,453,68,9,2,KGID101084,Mahika,1981-12-01,2,4,0,2010-07-17
1085,455,79,2,1,KGID101085,Owen,1983-02-11,1,8,0,2006-09-29
1086,457,93,7,3,KGID101086,Nidhi,1990-07-14,2,5,0,2021-04-16
1087,453,68,3,4,KGID101087,Sneha,1987-05-19,2,8,0,2001-09-07
1088,453,64,4,3,KGID101088,Rachit,1986-08-06,1,4,0,2015-10-04
1089,443,1,1,4,KGID101089,Lohit,1977-08-27,1,2,0,2004-02-07
1090,457,95,7,4,KGID101090,Azad,1978-12-10,1,1,0,2008-02-22
1091,450,43,9,2,KGID101091,Omaja,1996-10-18,2,1,0,2007-10-10
1092,455,82,5,3,KGID101092,Manthan,1973-11-29,1,2,0,2013-12-03
1093,449,40,9,3,KGID101093,Kavya,1998-02-05,2,1,0,2020-11-01
1094,445,15,6,4,KGID101094,Tamanna,1989-12-19,2,1,0,2017-11-04
1095,446,23,6,3,KGID101095,Agastya,1989-10-16,1,8,0,2025-06-11
1096,453,61,3,4,KGID101096,Kai,1998-05-05,1,3,0,2011-03-21
1097,455,81,9,3,KGID101097,Anita,1987-05-01,2,8,0,2025-05-19
1098,451,53,9,3,KGID101098,Girish,1979-03-05,1,6,0,2018-08-17
1099,454,72,4,3,KGID101099,Wazir,1998-05-01,1,6,0,2017-08-18
1100,443,9,5,1,KGID101100,Zehaan,1977-09-18,1,6,0,2005-08-02
1101,451,49,7,2,KGID101101,Gautam,1977-06-30,1,2,0,2012-10-21
1102,457,97,6,1,KGID101102,Leela,1992-03-01,2,5,0,2014-12-03
1103,451,53,8,2,KGID101103,Gavin,1999-09-14,1,6,0,2023-02-04
1104,452,58,4,3,KGID101104,Chanchal,1975-01-24,2,3,0,2006-11-13
1105,445,15,1,2,KGID101105,Nikita,1981-10-20,2,2,0,2022-10-16
1106,452,57,8,2,KGID101106,Quincy,1976-05-13,1,4,0,2008-07-25
1107,450,44,9,3,KGID101107,Dhriti,1983-07-04,2,6,0,2022-04-19
1108,446,19,9,2,KGID101108,Balendra,1983-07-25,1,4,0,2006-03-06
1109,457,93,8,4,KGID101109,Darpan,1997-01-01,1,2,0,2010-09-01
1110,443,1,1,1,KGID101110,Neha,1981-07-21,2,6,0,2022-05-28
1111,452,60,2,3,KGID101111,Faqid,1972-03-05,1,1,0,2006-04-25
1112,454,74,4,3,KGID101112,Tara,2001-01-26,2,4,0,2022-12-07
1113,446,25,5,3,KGID101113,Vasudha,1972-05-17,2,8,0,2022-03-15
1114,455,86,5,2,KGID101114,Gautam,1993-12-28,1,3,0,2013-03-17
1115,448,36,1,1,KGID101115,Gaurang,1978-03-01,1,4,0,2002-11-25
1116,454,70,9,3,KGID101116,Varsha,1976-10-21,2,5,0,2019-10-10
1117,446,19,4,2,KGID101117,Hamsini,1987-02-06,2,2,0,2005-04-23
1118,449,40,9,4,KGID101118,Chanchal,1971-11-28,2,1,0,2011-12-01
1119,445,17,8,1,KGID101119,Tanish,1981-03-22,1,2,0,2024-09-03
1120,451,50,2,4,KGID101120,Rehaan,1967-08-31,1,7,0,2014-04-26
1121,446,23,6,3,KGID101121,Ridhi,1999-10-23,2,6,0,2022-11-30
1122,446,26,8,2,KGID101122,Girish,1968-02-12,1,2,0,2001-08-10
1123,456,90,2,4,KGID101123,Kritika,1975-03-14,2,5,0,2022-07-21
1124,456,88,8,2,KGID101124,Nimrat,1971-11-22,2,4,0,2010-09-17
1125,446,19,6,4,KGID101125,Niharika,1973-03-09,2,3,0,2021-04-11
1126,456,90,6,4,KGID101126,Neha,1999-10-03,2,8,0,2012-06-13
1127,443,4,8,1,KGID101127,Om,1982-04-02,1,6,0,2017-12-27
1128,453,62,3,3,KGID101128,Ekani,1979-02-28,2,6,0,2023-02-20
1129,454,78,9,1,KGID101129,Praneel,1993-01-04,1,7,0,2005-06-19
1130,457,92,6,1,KGID101130,Saksham,1968-02-27,1,5,0,2006-11-22
1131,453,69,7,4,KGID101131,Ekaja,1974-09-08,2,4,0,2002-01-13
1132,455,80,9,2,KGID101132,Zayyan,1973-04-02,1,8,0,2010-04-22
1133,451,50,6,2,KGID101133,Anirudh,1980-04-06,1,7,0,2016-11-15
1134,451,56,9,2,KGID101134,Arunima,1987-09-13,2,3,0,2002-08-29
1135,455,85,8,1,KGID101135,Chatura,1989-09-23,1,8,0,2001-12-25
1136,449,42,8,2,KGID101136,Dalbir,1981-09-04,1,5,0,2010-08-19
1137,451,52,2,4,KGID101137,Jonathan,1983-08-21,1,6,0,2005-03-08
1138,453,64,2,2,KGID101138,Aayush,1977-09-29,1,3,0,2017-05-21
1139,454,75,3,2,KGID101139,Krishna,1988-09-06,1,8,0,2018-04-28
1140,453,69,7,4,KGID101140,Ubika,1995-10-01,2,4,0,2004-01-10
1141,447,27,5,3,KGID101141,Dhriti,1977-02-12,2,7,0,2020-05-04
1142,457,92,2,1,KGID101142,Yadavi,1974-04-05,2,7,0,2006-04-20
1143,445,17,1,3,KGID101143,Lekha,1995-10-12,2,1,0,2024-11-10
1144,443,1,2,3,KGID101144,Rachita,1991-06-04,2,1,0,2008-08-05
1145,447,31,7,3,KGID101145,Anusha,1986-02-22,2,7,0,2023-05-10
1146,451,52,7,2,KGID101146,Warda,1978-09-30,2,3,0,2001-07-28
1147,453,61,4,4,KGID101147,Chaitanya,1998-05-05,1,6,0,2021-07-20
1148,451,54,5,2,KGID101148,Yatin,1972-07-30,1,3,0,2003-09-02
1149,443,2,1,2,KGID101149,Baljiwan,1992-02-09,1,8,0,2003-12-09
1150,455,85,3,1,KGID101150,Lavanya,1989-06-01,2,3,0,2012-06-20
1151,455,83,8,4,KGID101151,Neelima,1976-06-27,2,3,0,2002-09-16
1152,452,59,9,4,KGID101152,Harita,1997-03-24,2,7,0,2021-12-16
1153,450,46,3,4,KGID101153,Pranit,1994-10-06,1,1,0,2009-01-04
1154,454,74,4,3,KGID101154,Devika,1970-09-26,2,7,0,2019-09-14
1155,454,70,1,1,KGID101155,Aradhana,1967-11-02,2,8,0,2004-10-30
1156,457,91,2,4,KGID101156,Harinakshi,1978-09-06,2,2,0,2022-12-22
1157,446,19,8,1,KGID101157,Lipika,1997-05-17,2,2,0,2003-09-27
1158,447,32,2,3,KGID101158,Pavani,1973-09-22,2,1,0,2011-02-15
1159,450,44,8,4,KGID101159,Vedant,1976-09-30,1,8,0,2010-10-06
1160,454,74,7,3,KGID101160,Waida,1994-09-14,2,5,0,2017-01-29
1161,449,38,1,3,KGID101161,Fiyaz,1971-05-09,1,5,0,2018-03-19
1162,443,8,3,1,KGID101162,Bhanumati,2000-11-18,2,5,0,2021-10-08
1163,457,95,5,4,KGID101163,Charles,1981-08-26,1,2,0,2015-09-07
1164,445,17,5,3,KGID101164,Theodore,1973-09-02,1,3,0,2010-08-15
1165,455,79,5,3,KGID101165,Rachita,1988-04-17,2,1,0,2022-03-17
1166,457,95,3,2,KGID101166,Dhruv,1983-12-07,1,8,0,2013-03-22
1167,451,48,5,2,KGID101167,Samesh,1982-06-28,1,8,0,2003-01-11
1168,446,24,6,1,KGID101168,Naksh,1967-12-05,1,3,0,2022-05-06
1169,454,77,8,4,KGID101169,Isaac,2000-10-03,1,7,0,2017-08-01
1170,447,31,3,2,KGID101170,Pallavi,1985-02-26,2,6,0,2018-01-09
1171,443,7,2,1,KGID101171,Charvi,1982-03-23,2,3,0,2018-12-12
1172,452,60,8,3,KGID101172,Warda,1979-04-06,2,8,0,2017-09-26
1173,457,96,7,4,KGID101173,Reyansh,1972-07-24,1,8,0,2021-05-04
1174,448,34,9,4,KGID101174,Avi,1967-11-26,1,1,0,2023-12-06
1175,448,37,7,3,KGID101175,Yashawini,1996-05-14,2,1,0,2021-12-13
1176,444,13,7,3,KGID101176,Gayathri,1970-01-19,2,6,0,2013-04-22
1177,448,35,2,3,KGID101177,Kavya,1978-10-04,2,7,0,2008-03-08
1178,452,60,4,3,KGID101178,Zehaan,1975-01-29,1,3,0,2016-12-11
1179,449,41,1,1,KGID101179,Saksham,1995-04-16,1,1,0,2003-05-26
1180,451,53,9,1,KGID101180,Tristan,1994-10-01,1,8,0,2012-04-05
1181,450,45,5,3,KGID101181,Zaid,1982-09-16,1,4,0,2004-05-10
1182,443,5,2,1,KGID101182,Yuvraj,1992-11-05,1,4,0,2001-12-07
1183,454,77,2,1,KGID101183,Saksham,1981-07-11,1,3,0,2014-11-17
1184,451,49,2,2,KGID101184,Aadi,1995-08-03,1,5,0,2020-07-04
1185,449,38,2,4,KGID101185,Nidra,1997-10-09,2,5,0,2015-01-01
1186,451,55,5,2,KGID101186,Vasatika,1999-10-27,2,2,0,2010-03-24
1187,448,36,7,4,KGID101187,Avi,1995-04-10,1,6,0,2021-10-08
1188,443,8,5,2,KGID101188,Oni,1986-07-21,2,8,0,2016-05-19
1189,443,9,4,4,KGID101189,Vritti,1991-11-16,2,3,0,2010-03-24
1190,455,83,2,2,KGID101190,Varsha,1971-05-21,2,7,0,2019-09-24
1191,447,28,8,3,KGID101191,Indrajit,1967-08-01,1,2,0,2010-01-11
1192,443,5,2,3,KGID101192,Madhav,1986-02-16,1,8,0,2010-06-25
1193,443,3,3,1,KGID101193,Damyanti,1969-01-23,2,1,0,2005-06-12
1194,455,86,5,2,KGID101194,Ekiya,1995-06-14,2,6,0,2019-04-30
1195,451,51,9,4,KGID101195,Samarth,1971-02-22,1,8,0,2016-03-02
1196,451,56,2,2,KGID101196,Ijaya,1971-08-12,2,1,0,2021-12-16
1197,451,50,2,3,KGID101197,Janaki,1983-01-18,2,6,0,2020-04-05
1198,456,88,7,1,KGID101198,Pallavi,1971-03-04,2,2,0,2011-06-15
1199,450,47,2,4,KGID101199,Diya,1993-10-05,2,5,0,2012-04-26
1200,455,83,3,1,KGID101200,Zayyan,1972-02-01,1,7,0,2013-06-24
